claim_id,member_id,service_date,procedure_code,diagnosis_code,claim_type
CLM-000001,M-000001,2024-11-27,80053,I10,professional
CLM-000002,M-000002,2023-09-23,99213,I11.9,professional
CLM-000003,M-000002,2024-12-25,80053,I10,professional
CLM-000004,M-000003,2023-08-04,99213,I12.9,professional
CLM-000005,M-000003,2024-04-11,99214,I10,professional
CLM-000006,M-000003,2024-06-19,99213,I10,professional
CLM-000007,M-000004,2023-05-28,99213,I12.9,professional
CLM-000008,M-000004,2024-10-26,3079F,I10,professional
CLM-000009,M-000004,2024-04-15,99214,J06.9,professional
CLM-000010,M-000005,2023-07-20,99213,I11.9,professional
CLM-000011,M-000005,2024-12-23,3079F,I10,professional
CLM-000012,M-000005,2024-06-07,80053,E11.9,professional
CLM-000013,M-000006,2023-04-03,99213,I10,professional
CLM-000014,M-000006,2024-11-14,99213,E11.9,professional
CLM-000015,M-000006,2024-05-10,99214,J06.9,professional
CLM-000016,M-000006,2024-10-22,80053,M54.5,professional
CLM-000017,M-000007,2023-04-11,99213,I11.9,professional
CLM-000018,M-000008,2024-04-16,80053,J06.9,professional
CLM-000019,M-000010,2023-02-21,99213,I12.9,professional
CLM-000020,M-000010,2024-08-06,99214,M54.5,professional
CLM-000021,M-000011,2024-10-28,3079F,I10,professional
CLM-000022,M-000011,2024-04-06,99214,I10,professional
CLM-000023,M-000012,2023-11-01,99213,I10,professional
CLM-000024,M-000012,2024-10-15,80053,I10,professional
CLM-000025,M-000013,2023-05-22,99213,I12.9,professional
CLM-000026,M-000013,2024-10-04,3079F,I10,professional
CLM-000027,M-000013,2024-06-27,99214,I10,professional
CLM-000028,M-000014,2023-07-21,99213,I10,professional
CLM-000029,M-000014,2024-04-04,99214,J06.9,professional
CLM-000030,M-000014,2024-04-19,80053,E11.9,professional
CLM-000031,M-000015,2023-03-25,99213,I10,professional
CLM-000032,M-000015,2024-08-19,99213,J06.9,professional
CLM-000033,M-000015,2024-09-25,99214,M54.5,professional
CLM-000034,M-000015,2024-10-12,99214,E11.9,professional
CLM-000035,M-000016,2023-06-08,99213,I11.9,professional
CLM-000036,M-000016,2024-08-21,80053,E11.9,professional
CLM-000037,M-000017,2023-11-11,99213,I11.9,professional
CLM-000038,M-000018,2023-07-24,99213,I11.9,professional
CLM-000039,M-000018,2024-06-01,80053,I10,professional
CLM-000040,M-000018,2024-12-03,80053,J06.9,professional
CLM-000041,M-000018,2024-02-14,80053,M54.5,professional
CLM-000042,M-000019,2023-05-22,99213,I12.9,professional
CLM-000043,M-000019,2024-07-06,3075F,I10,professional
CLM-000044,M-000020,2023-10-27,99213,I12.9,professional
CLM-000045,M-000020,2024-10-08,3075F,I10,professional
CLM-000046,M-000020,2024-11-04,99213,M54.5,professional
CLM-000047,M-000020,2024-07-11,80053,M54.5,professional
CLM-000048,M-000020,2024-09-27,99213,E11.9,professional
CLM-000049,M-000021,2023-05-07,99213,I12.9,professional
CLM-000050,M-000021,2024-07-24,3075F,I10,professional
CLM-000051,M-000021,2024-01-21,80053,E11.9,professional
CLM-000052,M-000021,2024-07-17,99214,E11.9,professional
CLM-000053,M-000022,2023-08-22,99213,I12.9,professional
CLM-000054,M-000022,2024-09-16,99214,J06.9,professional
CLM-000055,M-000022,2024-02-17,80053,M54.5,professional
CLM-000056,M-000023,2023-12-04,99213,I11.9,professional
CLM-000057,M-000023,2024-11-24,3074F,I10,professional
CLM-000058,M-000023,2024-08-07,80053,J06.9,professional
CLM-000059,M-000023,2024-11-21,80053,M54.5,professional
CLM-000060,M-000023,2024-11-17,80053,M54.5,professional
CLM-000061,M-000024,2023-09-16,99213,I12.9,professional
CLM-000062,M-000024,2024-11-11,3078F,I10,professional
CLM-000063,M-000024,2024-06-12,99213,E11.9,professional
CLM-000064,M-000024,2024-06-01,80053,M54.5,professional
CLM-000065,M-000025,2023-03-04,99213,I11.9,professional
CLM-000066,M-000025,2024-06-01,99214,M54.5,professional
CLM-000067,M-000026,2023-01-24,99213,I12.9,professional
CLM-000068,M-000026,2024-04-05,99213,I10,professional
CLM-000069,M-000026,2024-08-13,99214,I10,professional
CLM-000070,M-000026,2024-12-08,99213,I10,professional
CLM-000071,M-000027,2023-06-03,99213,I11.9,professional
CLM-000072,M-000027,2024-11-14,80053,I10,professional
CLM-000073,M-000027,2024-09-21,99214,E11.9,professional
CLM-000074,M-000028,2023-03-07,99213,I10,professional
CLM-000075,M-000028,2024-04-17,99214,E11.9,professional
CLM-000076,M-000029,2023-06-18,99213,I10,professional
CLM-000077,M-000029,2024-05-26,3074F,I10,professional
CLM-000078,M-000029,2024-08-20,99213,E11.9,professional
CLM-000079,M-000029,2024-11-25,99213,M54.5,professional
CLM-000080,M-000029,2024-05-18,99213,I10,professional
CLM-000081,M-000030,2023-10-25,99213,I10,professional
CLM-000082,M-000031,2023-04-16,99213,I11.9,professional
CLM-000083,M-000031,2024-09-25,99214,M54.5,professional
CLM-000084,M-000031,2024-11-23,80053,J06.9,professional
CLM-000085,M-000031,2024-04-12,80053,J06.9,professional
CLM-000086,M-000032,2023-05-14,99213,I12.9,professional
CLM-000087,M-000032,2024-07-13,99214,E11.9,professional
CLM-000088,M-000033,2023-06-03,99213,I11.9,professional
CLM-000089,M-000033,2024-08-04,80053,I10,professional
CLM-000090,M-000034,2023-10-11,99213,I12.9,professional
CLM-000091,M-000034,2024-01-17,99214,M54.5,professional
CLM-000092,M-000034,2024-01-10,80053,J06.9,professional
CLM-000093,M-000034,2024-12-19,99214,J06.9,professional
CLM-000094,M-000035,2023-12-03,99213,I11.9,professional
CLM-000095,M-000036,2023-02-05,99213,I11.9,professional
CLM-000096,M-000036,2024-02-05,99213,E11.9,professional
CLM-000097,M-000036,2024-09-21,80053,E11.9,professional
CLM-000098,M-000037,2023-07-05,99213,I12.9,professional
CLM-000099,M-000037,2024-12-11,3078F,I10,professional
CLM-000100,M-000037,2024-07-15,99213,E11.9,professional
CLM-000101,M-000039,2023-04-28,99213,I12.9,professional
CLM-000102,M-000040,2023-12-17,99213,I12.9,professional
CLM-000103,M-000040,2024-03-03,99214,E11.9,professional
CLM-000104,M-000040,2024-03-22,80053,J06.9,professional
CLM-000105,M-000040,2024-10-12,80053,J06.9,professional
CLM-000106,M-000041,2023-12-03,99213,I10,professional
CLM-000107,M-000041,2024-01-10,3074F,I10,professional
CLM-000108,M-000041,2024-08-11,80053,I10,professional
CLM-000109,M-000042,2023-08-20,99213,I10,professional
CLM-000110,M-000042,2024-05-25,99214,J06.9,professional
CLM-000111,M-000042,2024-11-17,99214,E11.9,professional
CLM-000112,M-000042,2024-09-26,99213,I10,professional
CLM-000113,M-000043,2023-11-23,99213,I12.9,professional
CLM-000114,M-000043,2024-03-27,3074F,I10,professional
CLM-000115,M-000043,2024-08-08,99213,I10,professional
CLM-000116,M-000043,2024-11-06,80053,I10,professional
CLM-000117,M-000045,2023-01-16,99213,I11.9,professional
CLM-000118,M-000045,2024-01-28,99213,J06.9,professional
CLM-000119,M-000045,2024-10-08,80053,I10,professional
CLM-000120,M-000045,2024-03-19,80053,E11.9,professional
CLM-000121,M-000046,2023-10-28,99213,I11.9,professional
CLM-000122,M-000047,2023-01-03,99213,I11.9,professional
CLM-000123,M-000048,2024-08-04,99214,I10,professional
CLM-000124,M-000048,2024-09-05,99213,I10,professional
CLM-000125,M-000048,2024-03-16,80053,J06.9,professional
CLM-000126,M-000049,2023-12-01,99213,I11.9,professional
CLM-000127,M-000050,2023-01-05,99213,I11.9,professional
CLM-000128,M-000050,2024-05-07,80053,I10,professional
CLM-000129,M-000050,2024-04-28,99213,I10,professional
CLM-000130,M-000050,2024-12-21,99213,E11.9,professional
CLM-000131,M-000051,2023-07-08,99213,I10,professional
CLM-000132,M-000051,2024-10-16,3079F,I10,professional
CLM-000133,M-000051,2024-06-19,99213,I10,professional
CLM-000134,M-000051,2024-07-07,99213,E11.9,professional
CLM-000135,M-000051,2024-12-13,99214,E11.9,professional
CLM-000136,M-000052,2023-11-20,99213,I12.9,professional
CLM-000137,M-000052,2024-02-10,80053,I10,professional
CLM-000138,M-000052,2024-06-13,99213,E11.9,professional
CLM-000139,M-000052,2024-01-15,80053,M54.5,professional
CLM-000140,M-000053,2023-12-22,99213,I11.9,professional
CLM-000141,M-000054,2023-10-02,99213,I10,professional
CLM-000142,M-000054,2024-08-04,80053,I10,professional
CLM-000143,M-000054,2024-08-11,80053,M54.5,professional
CLM-000144,M-000054,2024-04-15,99214,E11.9,professional
CLM-000145,M-000055,2023-01-06,99213,I10,professional
CLM-000146,M-000056,2023-01-13,99213,I10,professional
CLM-000147,M-000056,2024-08-21,99214,J06.9,professional
CLM-000148,M-000057,2024-04-22,99213,E11.9,professional
CLM-000149,M-000057,2024-09-13,99213,M54.5,professional
CLM-000150,M-000058,2023-07-19,99213,I12.9,professional
CLM-000151,M-000058,2024-02-08,99214,E11.9,professional
CLM-000152,M-000058,2024-06-24,80053,M54.5,professional
CLM-000153,M-000060,2023-11-08,99213,I11.9,professional
CLM-000154,M-000060,2024-11-08,99214,M54.5,professional
CLM-000155,M-000060,2024-03-21,80053,E11.9,professional
CLM-000156,M-000060,2024-08-07,99213,M54.5,professional
CLM-000157,M-000061,2023-09-23,99213,I11.9,professional
CLM-000158,M-000062,2023-04-23,99213,I10,professional
CLM-000159,M-000063,2023-12-15,99213,I10,professional
CLM-000160,M-000064,2023-06-23,99213,I12.9,professional
CLM-000161,M-000064,2024-01-07,3075F,I10,professional
CLM-000162,M-000064,2024-07-04,80053,I10,professional
CLM-000163,M-000065,2023-11-22,99213,I11.9,professional
CLM-000164,M-000066,2024-09-16,3079F,I10,professional
CLM-000165,M-000067,2023-11-25,99213,I11.9,professional
CLM-000166,M-000068,2024-02-17,3079F,I10,professional
CLM-000167,M-000068,2024-11-18,99213,I10,professional
CLM-000168,M-000069,2023-06-14,99213,I12.9,professional
CLM-000169,M-000069,2024-11-20,99213,I10,professional
CLM-000170,M-000069,2024-12-23,80053,J06.9,professional
CLM-000171,M-000070,2024-11-12,80053,I10,professional
CLM-000172,M-000070,2024-12-01,99213,E11.9,professional
CLM-000173,M-000070,2024-07-27,99214,M54.5,professional
CLM-000174,M-000071,2024-07-22,3074F,I10,professional
CLM-000175,M-000071,2024-10-04,80053,J06.9,professional
CLM-000176,M-000072,2023-05-04,99213,I12.9,professional
CLM-000177,M-000072,2024-07-20,99213,J06.9,professional
CLM-000178,M-000072,2024-09-22,80053,M54.5,professional
CLM-000179,M-000072,2024-11-09,80053,E11.9,professional
CLM-000180,M-000073,2023-07-27,99213,I12.9,professional
CLM-000181,M-000074,2024-06-11,3074F,I10,professional
CLM-000182,M-000074,2024-06-16,99213,J06.9,professional
CLM-000183,M-000075,2023-08-09,99213,I10,professional
CLM-000184,M-000075,2024-01-18,3079F,I10,professional
CLM-000185,M-000075,2024-01-01,80053,J06.9,professional
CLM-000186,M-000076,2023-01-18,99213,I12.9,professional
CLM-000187,M-000077,2024-10-20,3078F,I10,professional
CLM-000188,M-000077,2024-11-28,99214,I10,professional
CLM-000189,M-000077,2024-11-27,80053,E11.9,professional
CLM-000190,M-000077,2024-10-04,99213,J06.9,professional
CLM-000191,M-000078,2024-06-12,80053,E11.9,professional
CLM-000192,M-000079,2024-01-23,3074F,I10,professional
CLM-000193,M-000079,2024-05-13,80053,M54.5,professional
CLM-000194,M-000079,2024-02-23,99214,I10,professional
CLM-000195,M-000079,2024-02-08,80053,M54.5,professional
CLM-000196,M-000080,2023-10-01,99213,I12.9,professional
CLM-000197,M-000081,2023-03-27,99213,I11.9,professional
CLM-000198,M-000081,2024-03-10,3078F,I10,professional
CLM-000199,M-000082,2023-11-14,99213,I10,professional
CLM-000200,M-000082,2024-01-14,3074F,I10,professional
CLM-000201,M-000082,2024-12-10,99213,E11.9,professional
CLM-000202,M-000083,2023-02-14,99213,I11.9,professional
CLM-000203,M-000083,2024-10-07,3079F,I10,professional
CLM-000204,M-000083,2024-06-04,80053,I10,professional
CLM-000205,M-000083,2024-07-19,99213,J06.9,professional
CLM-000206,M-000084,2023-01-06,99213,I11.9,professional
CLM-000207,M-000085,2024-08-26,99213,M54.5,professional
CLM-000208,M-000085,2024-04-07,80053,J06.9,professional
CLM-000209,M-000086,2023-05-06,99213,I11.9,professional
CLM-000210,M-000086,2024-12-01,3078F,I10,professional
CLM-000211,M-000086,2024-03-17,99214,I10,professional
CLM-000212,M-000086,2024-09-10,99213,I10,professional
CLM-000213,M-000087,2023-09-16,99213,I11.9,professional
CLM-000214,M-000087,2024-10-21,80053,J06.9,professional
CLM-000215,M-000088,2023-05-26,99213,I11.9,professional
CLM-000216,M-000089,2024-11-22,3078F,I10,professional
CLM-000217,M-000089,2024-01-05,99213,M54.5,professional
CLM-000218,M-000089,2024-10-08,99214,I10,professional
CLM-000219,M-000089,2024-06-04,80053,I10,professional
CLM-000220,M-000090,2023-02-06,99213,I12.9,professional
CLM-000221,M-000090,2024-03-20,3079F,I10,professional
CLM-000222,M-000091,2024-09-11,99214,I10,professional
CLM-000223,M-000092,2024-08-13,3079F,I10,professional
CLM-000224,M-000092,2024-12-21,80053,M54.5,professional
CLM-000225,M-000092,2024-07-07,80053,E11.9,professional
CLM-000226,M-000093,2024-07-18,80053,M54.5,professional
CLM-000227,M-000093,2024-01-03,80053,E11.9,professional
CLM-000228,M-000093,2024-01-19,99213,M54.5,professional
CLM-000229,M-000094,2023-10-14,99213,I11.9,professional
CLM-000230,M-000094,2024-08-09,3075F,I10,professional
CLM-000231,M-000094,2024-08-22,99214,E11.9,professional
CLM-000232,M-000094,2024-02-09,99213,I10,professional
CLM-000233,M-000094,2024-06-15,80053,J06.9,professional
CLM-000234,M-000095,2024-07-08,99213,I10,professional
CLM-000235,M-000096,2023-12-21,99213,I11.9,professional
CLM-000236,M-000096,2024-02-23,3079F,I10,professional
CLM-000237,M-000096,2024-02-09,99214,M54.5,professional
CLM-000238,M-000096,2024-08-20,99214,I10,professional
CLM-000239,M-000096,2024-05-18,99213,J06.9,professional
CLM-000240,M-000097,2024-01-25,80053,E11.9,professional
CLM-000241,M-000098,2023-07-15,99213,I12.9,professional
CLM-000242,M-000098,2024-09-27,80053,E11.9,professional
CLM-000243,M-000098,2024-06-06,99214,E11.9,professional
CLM-000244,M-000098,2024-09-10,99213,I10,professional
CLM-000245,M-000099,2023-02-13,99213,I11.9,professional
CLM-000246,M-000099,2024-07-04,99214,J06.9,professional
CLM-000247,M-000099,2024-07-21,99213,I10,professional
CLM-000248,M-000100,2023-04-15,99213,I10,professional
CLM-000249,M-000101,2024-10-19,80053,J06.9,professional
CLM-000250,M-000101,2024-05-22,99213,J06.9,professional
CLM-000251,M-000101,2024-12-17,99214,J06.9,professional
CLM-000252,M-000102,2023-04-22,99213,I10,professional
CLM-000253,M-000102,2024-05-12,99214,E11.9,professional
CLM-000254,M-000102,2024-12-25,99214,I10,professional
CLM-000255,M-000103,2023-03-22,99213,I11.9,professional
CLM-000256,M-000104,2023-03-16,99213,I12.9,professional
CLM-000257,M-000104,2024-02-02,80053,J06.9,professional
CLM-000258,M-000104,2024-04-04,99214,M54.5,professional
CLM-000259,M-000105,2023-06-21,99213,I12.9,professional
CLM-000260,M-000105,2024-03-03,80053,I10,professional
CLM-000261,M-000105,2024-03-23,80053,I10,professional
CLM-000262,M-000105,2024-01-09,80053,E11.9,professional
CLM-000263,M-000106,2023-07-22,99213,I11.9,professional
CLM-000264,M-000106,2024-06-03,3075F,I10,professional
CLM-000265,M-000106,2024-06-05,99213,M54.5,professional
CLM-000266,M-000107,2023-07-11,99213,I10,professional
CLM-000267,M-000107,2024-01-26,3075F,I10,professional
CLM-000268,M-000107,2024-03-15,80053,E11.9,professional
CLM-000269,M-000107,2024-04-08,99214,I10,professional
CLM-000270,M-000108,2023-04-28,99213,I11.9,professional
CLM-000271,M-000108,2024-11-15,3079F,I10,professional
CLM-000272,M-000108,2024-08-05,80053,M54.5,professional
CLM-000273,M-000108,2024-11-17,80053,E11.9,professional
CLM-000274,M-000108,2024-07-09,99214,I10,professional
CLM-000275,M-000109,2024-10-22,99214,I10,professional
CLM-000276,M-000109,2024-03-07,99213,J06.9,professional
CLM-000277,M-000109,2024-09-07,99213,E11.9,professional
CLM-000278,M-000111,2023-08-03,99213,I12.9,professional
CLM-000279,M-000111,2024-03-13,99213,M54.5,professional
CLM-000280,M-000112,2023-01-28,99213,I10,professional
CLM-000281,M-000113,2023-11-07,99213,I11.9,professional
CLM-000282,M-000113,2024-06-28,3075F,I10,professional
CLM-000283,M-000113,2024-12-22,99214,M54.5,professional
CLM-000284,M-000113,2024-07-18,99214,I10,professional
CLM-000285,M-000114,2023-02-20,99213,I12.9,professional
CLM-000286,M-000114,2024-12-02,99213,J06.9,professional
CLM-000287,M-000115,2023-02-15,99213,I12.9,professional
CLM-000288,M-000115,2024-06-18,99213,M54.5,professional
CLM-000289,M-000116,2023-06-27,99213,I10,professional
CLM-000290,M-000116,2024-06-05,80053,E11.9,professional
CLM-000291,M-000116,2024-04-23,99214,J06.9,professional
CLM-000292,M-000117,2023-09-10,99213,I11.9,professional
CLM-000293,M-000117,2024-02-06,3075F,I10,professional
CLM-000294,M-000117,2024-09-18,80053,I10,professional
CLM-000295,M-000117,2024-01-25,99214,I10,professional
CLM-000296,M-000117,2024-10-20,99213,J06.9,professional
CLM-000297,M-000118,2024-11-23,80053,E11.9,professional
CLM-000298,M-000119,2023-10-14,99213,I12.9,professional
CLM-000299,M-000119,2024-12-18,3078F,I10,professional
CLM-000300,M-000119,2024-04-02,99213,M54.5,professional
CLM-000301,M-000120,2023-04-03,99213,I10,professional
CLM-000302,M-000120,2024-09-23,99213,M54.5,professional
CLM-000303,M-000120,2024-02-02,99214,E11.9,professional
CLM-000304,M-000120,2024-09-03,80053,E11.9,professional
CLM-000305,M-000121,2023-05-09,99213,I11.9,professional
CLM-000306,M-000121,2024-06-10,99213,J06.9,professional
CLM-000307,M-000121,2024-09-17,99214,J06.9,professional
CLM-000308,M-000121,2024-09-08,99214,M54.5,professional
CLM-000309,M-000122,2023-04-08,99213,I10,professional
CLM-000310,M-000122,2024-06-08,99214,E11.9,professional
CLM-000311,M-000123,2023-06-09,99213,I11.9,professional
CLM-000312,M-000123,2024-05-06,3075F,I10,professional
CLM-000313,M-000123,2024-04-27,99213,M54.5,professional
CLM-000314,M-000123,2024-12-26,99214,E11.9,professional
CLM-000315,M-000124,2024-05-12,99213,E11.9,professional
CLM-000316,M-000124,2024-05-20,80053,J06.9,professional
CLM-000317,M-000125,2023-06-08,99213,I12.9,professional
CLM-000318,M-000125,2024-01-23,99213,J06.9,professional
CLM-000319,M-000125,2024-12-16,80053,M54.5,professional
CLM-000320,M-000125,2024-04-26,99213,J06.9,professional
CLM-000321,M-000126,2023-03-18,99213,I10,professional
CLM-000322,M-000126,2024-06-03,3074F,I10,professional
CLM-000323,M-000126,2024-12-17,80053,E11.9,professional
CLM-000324,M-000126,2024-10-26,80053,E11.9,professional
CLM-000325,M-000127,2023-10-22,99213,I12.9,professional
CLM-000326,M-000127,2024-09-27,3074F,I10,professional
CLM-000327,M-000128,2023-12-24,99213,I12.9,professional
CLM-000328,M-000129,2023-02-14,99213,I10,professional
CLM-000329,M-000129,2024-03-15,99213,E11.9,professional
CLM-000330,M-000129,2024-02-01,99213,J06.9,professional
CLM-000331,M-000129,2024-09-13,99213,M54.5,professional
CLM-000332,M-000130,2023-12-08,99213,I10,professional
CLM-000333,M-000130,2024-06-05,3078F,I10,professional
CLM-000334,M-000130,2024-04-21,80053,E11.9,professional
CLM-000335,M-000131,2023-02-07,99213,I11.9,professional
CLM-000336,M-000132,2024-07-05,3079F,I10,professional
CLM-000337,M-000133,2023-01-05,99213,I11.9,professional
CLM-000338,M-000133,2024-11-17,3079F,I10,professional
CLM-000339,M-000133,2024-10-21,99213,J06.9,professional
CLM-000340,M-000133,2024-02-20,99213,J06.9,professional
CLM-000341,M-000134,2024-06-24,3074F,I10,professional
CLM-000342,M-000135,2023-09-26,99213,I10,professional
CLM-000343,M-000135,2024-03-15,3078F,I10,professional
CLM-000344,M-000135,2024-03-11,80053,J06.9,professional
CLM-000345,M-000135,2024-06-02,80053,E11.9,professional
CLM-000346,M-000136,2024-12-18,80053,M54.5,professional
CLM-000347,M-000136,2024-12-01,80053,J06.9,professional
CLM-000348,M-000136,2024-01-21,80053,I10,professional
CLM-000349,M-000137,2024-04-19,3075F,I10,professional
CLM-000350,M-000137,2024-07-18,99213,M54.5,professional
CLM-000351,M-000137,2024-02-24,80053,E11.9,professional
CLM-000352,M-000137,2024-11-01,99213,I10,professional
CLM-000353,M-000138,2024-08-05,3078F,I10,professional
CLM-000354,M-000138,2024-08-20,99213,E11.9,professional
CLM-000355,M-000138,2024-04-16,80053,J06.9,professional
CLM-000356,M-000138,2024-05-23,99213,J06.9,professional
CLM-000357,M-000139,2024-08-11,99214,I10,professional
CLM-000358,M-000139,2024-02-10,99214,E11.9,professional
CLM-000359,M-000140,2023-04-21,99213,I12.9,professional
CLM-000360,M-000140,2024-10-02,99214,M54.5,professional
CLM-000361,M-000140,2024-06-20,80053,I10,professional
CLM-000362,M-000140,2024-11-17,80053,J06.9,professional
CLM-000363,M-000141,2024-08-25,80053,I10,professional
CLM-000364,M-000142,2023-06-24,99213,I12.9,professional
CLM-000365,M-000143,2023-08-01,99213,I10,professional
CLM-000366,M-000143,2024-12-27,3079F,I10,professional
CLM-000367,M-000144,2023-04-25,99213,I11.9,professional
CLM-000368,M-000144,2024-07-01,3075F,I10,professional
CLM-000369,M-000145,2023-05-23,99213,I11.9,professional
CLM-000370,M-000145,2024-05-05,99213,I10,professional
CLM-000371,M-000145,2024-09-06,80053,M54.5,professional
CLM-000372,M-000145,2024-04-13,99213,E11.9,professional
CLM-000373,M-000146,2023-09-03,99213,I10,professional
CLM-000374,M-000146,2024-08-08,99213,I10,professional
CLM-000375,M-000147,2024-06-03,80053,M54.5,professional
CLM-000376,M-000148,2023-05-07,99213,I12.9,professional
CLM-000377,M-000149,2024-10-08,3075F,I10,professional
CLM-000378,M-000149,2024-12-14,99214,J06.9,professional
CLM-000379,M-000150,2023-01-02,99213,I10,professional
CLM-000380,M-000150,2024-11-11,99214,J06.9,professional
CLM-000381,M-000150,2024-07-13,99213,M54.5,professional
CLM-000382,M-000151,2023-03-18,99213,I12.9,professional
CLM-000383,M-000151,2024-09-12,80053,E11.9,professional
CLM-000384,M-000151,2024-02-09,99213,J06.9,professional
CLM-000385,M-000152,2023-06-02,99213,I10,professional
CLM-000386,M-000152,2024-12-24,99214,M54.5,professional
CLM-000387,M-000152,2024-02-24,99214,M54.5,professional
CLM-000388,M-000152,2024-11-07,99213,E11.9,professional
CLM-000389,M-000153,2023-01-06,99213,I10,professional
CLM-000390,M-000153,2024-01-27,3079F,I10,professional
CLM-000391,M-000153,2024-11-23,99214,J06.9,professional
CLM-000392,M-000154,2023-08-11,99213,I10,professional
CLM-000393,M-000154,2024-01-12,3075F,I10,professional
CLM-000394,M-000154,2024-08-26,99213,J06.9,professional
CLM-000395,M-000154,2024-12-24,80053,I10,professional
CLM-000396,M-000154,2024-01-14,99214,M54.5,professional
CLM-000397,M-000155,2023-10-15,99213,I10,professional
CLM-000398,M-000155,2024-09-06,99213,M54.5,professional
CLM-000399,M-000155,2024-10-04,99214,M54.5,professional
CLM-000400,M-000156,2024-06-08,99213,M54.5,professional
CLM-000401,M-000157,2023-11-13,99213,I11.9,professional
CLM-000402,M-000157,2024-12-21,99214,E11.9,professional
CLM-000403,M-000157,2024-09-20,80053,M54.5,professional
CLM-000404,M-000158,2023-05-06,99213,I11.9,professional
CLM-000405,M-000158,2024-10-02,99213,E11.9,professional
CLM-000406,M-000158,2024-10-26,80053,E11.9,professional
CLM-000407,M-000158,2024-08-02,80053,J06.9,professional
CLM-000408,M-000159,2024-08-26,99214,I10,professional
CLM-000409,M-000159,2024-09-11,99214,J06.9,professional
CLM-000410,M-000159,2024-01-11,80053,M54.5,professional
CLM-000411,M-000160,2023-08-23,99213,I10,professional
CLM-000412,M-000160,2024-08-04,99214,I10,professional
CLM-000413,M-000160,2024-11-09,99213,I10,professional
CLM-000414,M-000160,2024-12-11,80053,I10,professional
CLM-000415,M-000161,2023-06-07,99213,I12.9,professional
CLM-000416,M-000161,2024-04-16,99214,J06.9,professional
CLM-000417,M-000161,2024-01-07,80053,E11.9,professional
CLM-000418,M-000162,2023-12-23,99213,I11.9,professional
CLM-000419,M-000162,2024-11-17,3079F,I10,professional
CLM-000420,M-000163,2023-02-25,99213,I10,professional
CLM-000421,M-000163,2024-03-13,99214,E11.9,professional
CLM-000422,M-000163,2024-12-16,99214,M54.5,professional
CLM-000423,M-000163,2024-06-11,99214,J06.9,professional
CLM-000424,M-000165,2023-01-25,99213,I11.9,professional
CLM-000425,M-000165,2024-12-26,3079F,I10,professional
CLM-000426,M-000166,2023-12-01,99213,I11.9,professional
CLM-000427,M-000166,2024-07-01,80053,M54.5,professional
CLM-000428,M-000167,2023-04-01,99213,I11.9,professional
CLM-000429,M-000167,2024-07-25,3078F,I10,professional
CLM-000430,M-000168,2023-02-15,99213,I11.9,professional
CLM-000431,M-000168,2024-05-20,80053,M54.5,professional
CLM-000432,M-000168,2024-01-15,99213,M54.5,professional
CLM-000433,M-000168,2024-03-12,80053,J06.9,professional
CLM-000434,M-000169,2023-08-04,99213,I10,professional
CLM-000435,M-000169,2024-08-16,99213,J06.9,professional
CLM-000436,M-000170,2023-07-06,99213,I11.9,professional
CLM-000437,M-000170,2024-02-16,99213,I10,professional
CLM-000438,M-000170,2024-11-16,99214,J06.9,professional
CLM-000439,M-000171,2023-03-10,99213,I10,professional
CLM-000440,M-000171,2024-07-17,99214,E11.9,professional
CLM-000441,M-000172,2023-11-10,99213,I12.9,professional
CLM-000442,M-000172,2024-07-08,80053,I10,professional
CLM-000443,M-000172,2024-12-07,80053,M54.5,professional
CLM-000444,M-000172,2024-01-13,99213,E11.9,professional
CLM-000445,M-000173,2023-08-23,99213,I12.9,professional
CLM-000446,M-000173,2024-12-14,99213,I10,professional
CLM-000447,M-000174,2023-07-11,99213,I11.9,professional
CLM-000448,M-000174,2024-03-17,80053,I10,professional
CLM-000449,M-000174,2024-05-05,99214,J06.9,professional
CLM-000450,M-000174,2024-03-22,99213,E11.9,professional
CLM-000451,M-000175,2023-08-27,99213,I10,professional
CLM-000452,M-000175,2024-04-03,3075F,I10,professional
CLM-000453,M-000175,2024-04-28,99214,E11.9,professional
CLM-000454,M-000175,2024-05-11,99214,J06.9,professional
CLM-000455,M-000176,2024-10-19,3078F,I10,professional
CLM-000456,M-000176,2024-07-28,80053,J06.9,professional
CLM-000457,M-000176,2024-10-19,99214,E11.9,professional
CLM-000458,M-000176,2024-03-20,80053,E11.9,professional
CLM-000459,M-000177,2024-12-26,3075F,I10,professional
CLM-000460,M-000177,2024-07-10,99214,J06.9,professional
CLM-000461,M-000178,2023-04-16,99213,I12.9,professional
CLM-000462,M-000178,2024-02-14,99214,E11.9,professional
CLM-000463,M-000179,2023-03-03,99213,I11.9,professional
CLM-000464,M-000179,2024-08-22,3074F,I10,professional
CLM-000465,M-000179,2024-11-17,80053,M54.5,professional
CLM-000466,M-000179,2024-06-09,99214,I10,professional
CLM-000467,M-000179,2024-01-19,80053,M54.5,professional
CLM-000468,M-000181,2023-02-16,99213,I10,professional
CLM-000469,M-000181,2024-10-19,3075F,I10,professional
CLM-000470,M-000182,2023-12-10,99213,I12.9,professional
CLM-000471,M-000182,2024-03-23,99213,J06.9,professional
CLM-000472,M-000182,2024-09-23,80053,E11.9,professional
CLM-000473,M-000183,2023-05-15,99213,I12.9,professional
CLM-000474,M-000183,2024-03-05,3078F,I10,professional
CLM-000475,M-000183,2024-07-03,99213,J06.9,professional
CLM-000476,M-000183,2024-03-26,99214,I10,professional
CLM-000477,M-000184,2024-09-17,99214,I10,professional
CLM-000478,M-000184,2024-03-16,80053,E11.9,professional
CLM-000479,M-000184,2024-08-26,99213,J06.9,professional
CLM-000480,M-000185,2024-04-09,99214,M54.5,professional
CLM-000481,M-000186,2023-03-21,99213,I10,professional
CLM-000482,M-000186,2024-02-01,3078F,I10,professional
CLM-000483,M-000186,2024-11-25,99214,E11.9,professional
CLM-000484,M-000187,2023-06-16,99213,I12.9,professional
CLM-000485,M-000187,2024-08-13,80053,I10,professional
CLM-000486,M-000187,2024-08-12,99213,M54.5,professional
CLM-000487,M-000187,2024-04-04,80053,E11.9,professional
CLM-000488,M-000188,2024-06-06,99214,J06.9,professional
CLM-000489,M-000188,2024-03-06,80053,I10,professional
CLM-000490,M-000189,2023-06-22,99213,I10,professional
CLM-000491,M-000189,2024-12-26,3074F,I10,professional
CLM-000492,M-000190,2023-12-04,99213,I10,professional
CLM-000493,M-000190,2024-07-15,3079F,I10,professional
CLM-000494,M-000190,2024-09-12,80053,I10,professional
CLM-000495,M-000190,2024-11-16,99214,I10,professional
CLM-000496,M-000190,2024-01-19,99213,J06.9,professional
CLM-000497,M-000191,2023-03-08,99213,I12.9,professional
CLM-000498,M-000191,2024-08-14,80053,J06.9,professional
CLM-000499,M-000192,2024-07-21,80053,J06.9,professional
CLM-000500,M-000193,2023-10-06,99213,I11.9,professional
CLM-000501,M-000194,2024-06-21,99213,M54.5,professional
CLM-000502,M-000194,2024-09-03,80053,I10,professional
CLM-000503,M-000194,2024-12-22,80053,I10,professional
CLM-000504,M-000195,2023-05-03,99213,I12.9,professional
CLM-000505,M-000195,2024-07-04,3074F,I10,professional
CLM-000506,M-000195,2024-03-11,99214,M54.5,professional
CLM-000507,M-000195,2024-12-07,80053,M54.5,professional
CLM-000508,M-000195,2024-01-11,99213,E11.9,professional
CLM-000509,M-000196,2024-10-06,99213,J06.9,professional
CLM-000510,M-000196,2024-06-16,99214,I10,professional
CLM-000511,M-000197,2023-02-26,99213,I12.9,professional
CLM-000512,M-000197,2024-01-26,99214,E11.9,professional
CLM-000513,M-000197,2024-08-02,99213,E11.9,professional
CLM-000514,M-000197,2024-08-23,99213,M54.5,professional
CLM-000515,M-000198,2024-05-10,99213,I10,professional
CLM-000516,M-000198,2024-04-17,80053,J06.9,professional
CLM-000517,M-000199,2023-08-03,99213,I12.9,professional
CLM-000518,M-000200,2023-09-13,99213,I11.9,professional
CLM-000519,M-000200,2024-03-03,99213,E11.9,professional
CLM-000520,M-000200,2024-08-04,80053,J06.9,professional
CLM-000521,M-000200,2024-10-17,99213,E11.9,professional
CLM-000522,M-000201,2023-06-06,99213,I10,professional
CLM-000523,M-000202,2023-03-06,99213,I11.9,professional
CLM-000524,M-000202,2024-09-28,3078F,I10,professional
CLM-000525,M-000203,2023-04-06,99213,I10,professional
CLM-000526,M-000205,2023-11-05,99213,I12.9,professional
CLM-000527,M-000206,2023-05-24,99213,I10,professional
CLM-000528,M-000206,2024-02-20,3074F,I10,professional
CLM-000529,M-000206,2024-05-04,99214,I10,professional
CLM-000530,M-000207,2023-11-09,99213,I10,professional
CLM-000531,M-000208,2024-07-24,99213,I10,professional
CLM-000532,M-000208,2024-08-11,99214,E11.9,professional
CLM-000533,M-000208,2024-09-07,80053,I10,professional
CLM-000534,M-000209,2023-02-13,99213,I11.9,professional
CLM-000535,M-000209,2024-05-12,3074F,I10,professional
CLM-000536,M-000210,2023-03-03,99213,I11.9,professional
CLM-000537,M-000210,2024-04-09,99214,M54.5,professional
CLM-000538,M-000210,2024-10-26,80053,M54.5,professional
CLM-000539,M-000210,2024-05-18,99213,E11.9,professional
CLM-000540,M-000211,2023-05-08,99213,I12.9,professional
CLM-000541,M-000211,2024-12-07,99214,I10,professional
CLM-000542,M-000212,2023-01-24,99213,I11.9,professional
CLM-000543,M-000212,2024-01-10,99213,J06.9,professional
CLM-000544,M-000212,2024-06-24,80053,I10,professional
CLM-000545,M-000212,2024-12-15,80053,I10,professional
CLM-000546,M-000213,2023-02-24,99213,I11.9,professional
CLM-000547,M-000213,2024-11-04,3079F,I10,professional
CLM-000548,M-000213,2024-06-02,80053,M54.5,professional
CLM-000549,M-000214,2024-10-22,99214,M54.5,professional
CLM-000550,M-000214,2024-06-13,99214,E11.9,professional
CLM-000551,M-000215,2023-06-09,99213,I12.9,professional
CLM-000552,M-000216,2023-06-17,99213,I11.9,professional
CLM-000553,M-000216,2024-11-13,99213,E11.9,professional
CLM-000554,M-000216,2024-01-07,80053,I10,professional
CLM-000555,M-000217,2023-04-04,99213,I12.9,professional
CLM-000556,M-000217,2024-11-27,80053,I10,professional
CLM-000557,M-000217,2024-07-09,99213,M54.5,professional
CLM-000558,M-000217,2024-04-26,99213,E11.9,professional
CLM-000559,M-000218,2023-01-14,99213,I11.9,professional
CLM-000560,M-000218,2024-02-23,3075F,I10,professional
CLM-000561,M-000218,2024-03-20,80053,M54.5,professional
CLM-000562,M-000218,2024-05-27,99214,J06.9,professional
CLM-000563,M-000219,2023-03-04,99213,I12.9,professional
CLM-000564,M-000219,2024-11-19,3074F,I10,professional
CLM-000565,M-000219,2024-07-04,80053,E11.9,professional
CLM-000566,M-000220,2023-11-08,99213,I12.9,professional
CLM-000567,M-000220,2024-04-24,3075F,I10,professional
CLM-000568,M-000220,2024-09-12,80053,M54.5,professional
CLM-000569,M-000223,2023-02-24,99213,I12.9,professional
CLM-000570,M-000223,2024-05-04,3078F,I10,professional
CLM-000571,M-000223,2024-02-15,80053,J06.9,professional
CLM-000572,M-000224,2024-02-28,3074F,I10,professional
CLM-000573,M-000224,2024-04-02,99213,J06.9,professional
CLM-000574,M-000225,2023-04-08,99213,I11.9,professional
CLM-000575,M-000225,2024-04-23,99213,M54.5,professional
CLM-000576,M-000225,2024-10-26,99214,I10,professional
CLM-000577,M-000225,2024-07-25,80053,E11.9,professional
CLM-000578,M-000226,2023-11-23,99213,I12.9,professional
CLM-000579,M-000226,2024-06-05,99213,M54.5,professional
CLM-000580,M-000226,2024-05-18,99213,M54.5,professional
CLM-000581,M-000227,2023-04-27,99213,I10,professional
CLM-000582,M-000228,2024-04-18,99213,I10,professional
CLM-000583,M-000229,2023-01-16,99213,I11.9,professional
CLM-000584,M-000230,2023-04-05,99213,I10,professional
CLM-000585,M-000230,2024-04-14,99213,M54.5,professional
CLM-000586,M-000230,2024-09-17,99213,I10,professional
CLM-000587,M-000231,2023-10-03,99213,I10,professional
CLM-000588,M-000231,2024-02-13,99213,M54.5,professional
CLM-000589,M-000231,2024-07-04,99214,I10,professional
CLM-000590,M-000231,2024-10-27,99213,E11.9,professional
CLM-000591,M-000232,2023-07-20,99213,I12.9,professional
CLM-000592,M-000232,2024-12-11,99214,I10,professional
CLM-000593,M-000233,2024-02-13,80053,M54.5,professional
CLM-000594,M-000233,2024-11-22,80053,M54.5,professional
CLM-000595,M-000233,2024-09-22,99213,I10,professional
CLM-000596,M-000234,2023-10-24,99213,I11.9,professional
CLM-000597,M-000234,2024-02-13,3079F,I10,professional
CLM-000598,M-000234,2024-09-03,80053,E11.9,professional
CLM-000599,M-000234,2024-06-15,80053,I10,professional
CLM-000600,M-000235,2023-03-02,99213,I10,professional
CLM-000601,M-000235,2024-04-06,3074F,I10,professional
CLM-000602,M-000235,2024-01-20,80053,I10,professional
CLM-000603,M-000236,2024-01-08,3078F,I10,professional
CLM-000604,M-000236,2024-06-06,99213,E11.9,professional
CLM-000605,M-000236,2024-04-17,80053,J06.9,professional
CLM-000606,M-000237,2023-01-27,99213,I12.9,professional
CLM-000607,M-000237,2024-11-08,3074F,I10,professional
CLM-000608,M-000237,2024-09-20,99214,E11.9,professional
CLM-000609,M-000238,2023-10-01,99213,I11.9,professional
CLM-000610,M-000238,2024-03-18,3079F,I10,professional
CLM-000611,M-000238,2024-02-20,99213,E11.9,professional
CLM-000612,M-000238,2024-09-17,99214,E11.9,professional
CLM-000613,M-000239,2023-05-02,99213,I10,professional
CLM-000614,M-000239,2024-08-18,99213,E11.9,professional
CLM-000615,M-000239,2024-05-27,99213,I10,professional
CLM-000616,M-000239,2024-07-02,80053,I10,professional
CLM-000617,M-000240,2023-03-20,99213,I12.9,professional
CLM-000618,M-000240,2024-08-26,99213,I10,professional
CLM-000619,M-000240,2024-04-13,80053,M54.5,professional
CLM-000620,M-000241,2023-12-23,99213,I12.9,professional
CLM-000621,M-000241,2024-02-20,3074F,I10,professional
CLM-000622,M-000241,2024-04-21,80053,E11.9,professional
CLM-000623,M-000242,2024-09-10,3078F,I10,professional
CLM-000624,M-000242,2024-06-06,99214,J06.9,professional
CLM-000625,M-000243,2024-07-24,99214,E11.9,professional
CLM-000626,M-000244,2023-04-12,99213,I11.9,professional
CLM-000627,M-000244,2024-02-04,99213,M54.5,professional
CLM-000628,M-000244,2024-07-10,99213,J06.9,professional
CLM-000629,M-000245,2023-12-09,99213,I11.9,professional
CLM-000630,M-000245,2024-02-18,80053,M54.5,professional
CLM-000631,M-000245,2024-11-24,80053,M54.5,professional
CLM-000632,M-000246,2023-08-18,99213,I11.9,professional
CLM-000633,M-000246,2024-07-27,3078F,I10,professional
CLM-000634,M-000246,2024-04-11,80053,E11.9,professional
CLM-000635,M-000247,2023-02-01,99213,I12.9,professional
CLM-000636,M-000247,2024-08-08,99213,M54.5,professional
CLM-000637,M-000247,2024-04-06,99214,E11.9,professional
CLM-000638,M-000247,2024-12-22,80053,M54.5,professional
CLM-000639,M-000248,2023-05-27,99213,I12.9,professional
CLM-000640,M-000248,2024-09-13,99214,J06.9,professional
CLM-000641,M-000249,2023-01-19,99213,I10,professional
CLM-000642,M-000250,2023-12-19,99213,I12.9,professional
CLM-000643,M-000250,2024-10-04,80053,I10,professional
CLM-000644,M-000250,2024-07-17,99214,I10,professional
CLM-000645,M-000250,2024-03-09,99213,I10,professional
CLM-000646,M-000251,2023-02-03,99213,I10,professional
CLM-000647,M-000251,2024-09-18,99213,I10,professional
CLM-000648,M-000251,2024-02-06,80053,J06.9,professional
CLM-000649,M-000252,2023-06-12,99213,I11.9,professional
CLM-000650,M-000252,2024-05-25,3078F,I10,professional
CLM-000651,M-000252,2024-02-01,99214,J06.9,professional
CLM-000652,M-000253,2024-03-13,3074F,I10,professional
CLM-000653,M-000253,2024-04-20,99214,I10,professional
CLM-000654,M-000253,2024-11-07,99214,I10,professional
CLM-000655,M-000254,2023-04-23,99213,I11.9,professional
CLM-000656,M-000254,2024-02-12,3074F,I10,professional
CLM-000657,M-000254,2024-09-22,99214,I10,professional
CLM-000658,M-000254,2024-06-26,99214,M54.5,professional
CLM-000659,M-000254,2024-04-25,99214,J06.9,professional
CLM-000660,M-000255,2023-05-13,99213,I11.9,professional
CLM-000661,M-000255,2024-02-27,3075F,I10,professional
CLM-000662,M-000256,2023-01-26,99213,I10,professional
CLM-000663,M-000256,2024-09-19,99214,I10,professional
CLM-000664,M-000256,2024-10-03,80053,I10,professional
CLM-000665,M-000256,2024-05-07,99214,M54.5,professional
CLM-000666,M-000257,2023-12-23,99213,I11.9,professional
CLM-000667,M-000257,2024-08-06,99214,M54.5,professional
CLM-000668,M-000258,2023-09-21,99213,I10,professional
CLM-000669,M-000259,2023-11-26,99213,I11.9,professional
CLM-000670,M-000259,2024-07-09,80053,M54.5,professional
CLM-000671,M-000260,2023-09-03,99213,I12.9,professional
CLM-000672,M-000260,2024-05-10,3079F,I10,professional
CLM-000673,M-000260,2024-05-09,80053,E11.9,professional
CLM-000674,M-000260,2024-04-02,99213,I10,professional
CLM-000675,M-000260,2024-10-20,99213,J06.9,professional
CLM-000676,M-000261,2023-10-19,99213,I12.9,professional
CLM-000677,M-000261,2024-11-09,3075F,I10,professional
CLM-000678,M-000262,2023-12-10,99213,I12.9,professional
CLM-000679,M-000262,2024-03-10,80053,J06.9,professional
CLM-000680,M-000263,2023-05-21,99213,I11.9,professional
CLM-000681,M-000263,2024-05-09,3078F,I10,professional
CLM-000682,M-000263,2024-10-28,80053,I10,professional
CLM-000683,M-000264,2023-08-23,99213,I12.9,professional
CLM-000684,M-000264,2024-02-16,99214,I10,professional
CLM-000685,M-000264,2024-11-05,99214,I10,professional
CLM-000686,M-000266,2024-05-27,99214,E11.9,professional
CLM-000687,M-000267,2023-12-27,99213,I12.9,professional
CLM-000688,M-000268,2023-07-15,99213,I10,professional
CLM-000689,M-000268,2024-07-09,80053,I10,professional
CLM-000690,M-000268,2024-04-27,80053,E11.9,professional
CLM-000691,M-000268,2024-01-04,99213,J06.9,professional
CLM-000692,M-000269,2023-12-17,99213,I10,professional
CLM-000693,M-000269,2024-04-23,99214,I10,professional
CLM-000694,M-000269,2024-12-10,99214,J06.9,professional
CLM-000695,M-000269,2024-07-09,99213,I10,professional
CLM-000696,M-000270,2023-05-05,99213,I11.9,professional
CLM-000697,M-000270,2024-05-09,99214,I10,professional
CLM-000698,M-000270,2024-07-19,99213,E11.9,professional
CLM-000699,M-000270,2024-01-05,99214,M54.5,professional
CLM-000700,M-000271,2023-02-21,99213,I11.9,professional
CLM-000701,M-000271,2024-11-01,3078F,I10,professional
CLM-000702,M-000272,2023-04-08,99213,I10,professional
CLM-000703,M-000272,2024-05-07,3075F,I10,professional
CLM-000704,M-000272,2024-12-09,80053,E11.9,professional
CLM-000705,M-000273,2024-06-19,3074F,I10,professional
CLM-000706,M-000273,2024-07-19,99214,M54.5,professional
CLM-000707,M-000273,2024-05-06,99213,J06.9,professional
CLM-000708,M-000273,2024-09-24,99213,M54.5,professional
CLM-000709,M-000274,2024-03-05,99214,J06.9,professional
CLM-000710,M-000274,2024-09-21,99213,E11.9,professional
CLM-000711,M-000274,2024-01-24,99214,M54.5,professional
CLM-000712,M-000275,2023-07-02,99213,I11.9,professional
CLM-000713,M-000275,2024-01-11,3075F,I10,professional
CLM-000714,M-000276,2023-06-22,99213,I10,professional
CLM-000715,M-000276,2024-04-14,3078F,I10,professional
CLM-000716,M-000276,2024-08-16,99214,E11.9,professional
CLM-000717,M-000276,2024-11-23,99213,J06.9,professional
CLM-000718,M-000277,2023-05-23,99213,I12.9,professional
CLM-000719,M-000277,2024-01-08,3074F,I10,professional
CLM-000720,M-000277,2024-09-21,80053,I10,professional
CLM-000721,M-000277,2024-08-06,99213,E11.9,professional
CLM-000722,M-000278,2023-06-25,99213,I12.9,professional
CLM-000723,M-000278,2024-12-16,99214,E11.9,professional
CLM-000724,M-000278,2024-04-10,99214,E11.9,professional
CLM-000725,M-000279,2023-06-28,99213,I12.9,professional
CLM-000726,M-000279,2024-05-06,3078F,I10,professional
CLM-000727,M-000279,2024-11-08,99214,E11.9,professional
CLM-000728,M-000279,2024-08-03,99213,I10,professional
CLM-000729,M-000280,2023-05-21,99213,I12.9,professional
CLM-000730,M-000280,2024-07-08,3075F,I10,professional
CLM-000731,M-000280,2024-02-17,99214,I10,professional
CLM-000732,M-000280,2024-02-06,80053,I10,professional
CLM-000733,M-000280,2024-04-11,80053,M54.5,professional
CLM-000734,M-000281,2023-10-10,99213,I11.9,professional
CLM-000735,M-000281,2024-09-03,99213,M54.5,professional
CLM-000736,M-000281,2024-10-02,80053,I10,professional
CLM-000737,M-000282,2023-08-10,99213,I10,professional
CLM-000738,M-000282,2024-05-22,3075F,I10,professional
CLM-000739,M-000282,2024-07-06,99213,E11.9,professional
CLM-000740,M-000282,2024-05-02,80053,E11.9,professional
CLM-000741,M-000283,2023-11-14,99213,I10,professional
CLM-000742,M-000283,2024-08-24,3075F,I10,professional
CLM-000743,M-000284,2023-04-16,99213,I10,professional
CLM-000744,M-000284,2024-03-10,99213,J06.9,professional
CLM-000745,M-000284,2024-11-07,99213,I10,professional
CLM-000746,M-000285,2023-05-14,99213,I12.9,professional
CLM-000747,M-000285,2024-06-21,3079F,I10,professional
CLM-000748,M-000285,2024-12-19,99213,J06.9,professional
CLM-000749,M-000285,2024-07-05,99214,M54.5,professional
CLM-000750,M-000286,2023-03-03,99213,I12.9,professional
CLM-000751,M-000286,2024-04-27,3078F,I10,professional
CLM-000752,M-000286,2024-01-28,99213,J06.9,professional
CLM-000753,M-000287,2024-02-06,99213,M54.5,professional
CLM-000754,M-000287,2024-04-28,80053,J06.9,professional
CLM-000755,M-000288,2023-02-01,99213,I12.9,professional
CLM-000756,M-000289,2023-08-25,99213,I11.9,professional
CLM-000757,M-000289,2024-08-26,99214,J06.9,professional
CLM-000758,M-000289,2024-09-10,80053,E11.9,professional
CLM-000759,M-000289,2024-03-06,99213,M54.5,professional
CLM-000760,M-000290,2023-11-07,99213,I10,professional
CLM-000761,M-000290,2024-02-26,99214,E11.9,professional
CLM-000762,M-000290,2024-01-03,99213,I10,professional
CLM-000763,M-000291,2024-11-16,3078F,I10,professional
CLM-000764,M-000291,2024-05-10,99213,J06.9,professional
CLM-000765,M-000291,2024-12-22,99214,M54.5,professional
CLM-000766,M-000292,2024-10-12,3075F,I10,professional
CLM-000767,M-000292,2024-01-12,99214,M54.5,professional
CLM-000768,M-000292,2024-09-14,80053,E11.9,professional
CLM-000769,M-000292,2024-01-19,80053,I10,professional
CLM-000770,M-000294,2023-12-07,99213,I12.9,professional
CLM-000771,M-000294,2024-08-28,3075F,I10,professional
CLM-000772,M-000294,2024-07-07,99214,E11.9,professional
CLM-000773,M-000294,2024-07-06,80053,E11.9,professional
CLM-000774,M-000295,2024-11-08,3078F,I10,professional
CLM-000775,M-000295,2024-05-08,80053,E11.9,professional
CLM-000776,M-000296,2024-09-25,3078F,I10,professional
CLM-000777,M-000296,2024-08-19,80053,J06.9,professional
CLM-000778,M-000297,2023-01-01,99213,I12.9,professional
CLM-000779,M-000297,2024-02-11,99214,I10,professional
CLM-000780,M-000297,2024-02-05,99213,M54.5,professional
CLM-000781,M-000298,2023-10-25,99213,I11.9,professional
CLM-000782,M-000298,2024-03-26,99213,M54.5,professional
CLM-000783,M-000298,2024-08-06,99213,I10,professional
CLM-000784,M-000298,2024-03-15,99213,J06.9,professional
CLM-000785,M-000299,2023-03-17,99213,I12.9,professional
CLM-000786,M-000299,2024-05-01,3079F,I10,professional
CLM-000787,M-000300,2024-10-14,99213,E11.9,professional
CLM-000788,M-000300,2024-12-10,99213,M54.5,professional
CLM-000789,M-000301,2023-07-20,99213,I12.9,professional
CLM-000790,M-000303,2023-12-11,99213,I12.9,professional
CLM-000791,M-000303,2024-09-26,99213,E11.9,professional
CLM-000792,M-000303,2024-02-01,99213,M54.5,professional
CLM-000793,M-000303,2024-07-14,99214,E11.9,professional
CLM-000794,M-000304,2023-08-04,99213,I12.9,professional
CLM-000795,M-000305,2023-04-09,99213,I10,professional
CLM-000796,M-000306,2023-01-13,99213,I12.9,professional
CLM-000797,M-000307,2023-09-06,99213,I12.9,professional
CLM-000798,M-000307,2024-01-03,80053,M54.5,professional
CLM-000799,M-000307,2024-01-27,80053,M54.5,professional
CLM-000800,M-000308,2023-09-27,99213,I12.9,professional
CLM-000801,M-000308,2024-10-06,3074F,I10,professional
CLM-000802,M-000308,2024-01-15,99213,E11.9,professional
CLM-000803,M-000308,2024-08-26,80053,J06.9,professional
CLM-000804,M-000309,2023-11-02,99213,I11.9,professional
CLM-000805,M-000310,2023-05-06,99213,I11.9,professional
CLM-000806,M-000310,2024-07-06,3075F,I10,professional
CLM-000807,M-000310,2024-11-16,99214,E11.9,professional
CLM-000808,M-000310,2024-12-07,99214,M54.5,professional
CLM-000809,M-000310,2024-05-25,80053,M54.5,professional
CLM-000810,M-000312,2023-07-27,99213,I11.9,professional
CLM-000811,M-000312,2024-09-02,3075F,I10,professional
CLM-000812,M-000312,2024-12-15,99213,J06.9,professional
CLM-000813,M-000312,2024-09-18,80053,I10,professional
CLM-000814,M-000313,2024-12-16,80053,I10,professional
CLM-000815,M-000313,2024-07-18,99213,I10,professional
CLM-000816,M-000314,2024-04-14,99213,E11.9,professional
CLM-000817,M-000314,2024-12-11,99214,M54.5,professional
CLM-000818,M-000314,2024-10-16,80053,M54.5,professional
CLM-000819,M-000316,2023-03-08,99213,I10,professional
CLM-000820,M-000316,2024-10-18,99214,E11.9,professional
CLM-000821,M-000316,2024-09-23,99214,E11.9,professional
CLM-000822,M-000316,2024-06-08,99214,E11.9,professional
CLM-000823,M-000317,2023-10-28,99213,I11.9,professional
CLM-000824,M-000318,2023-10-16,99213,I10,professional
CLM-000825,M-000318,2024-02-10,3075F,I10,professional
CLM-000826,M-000318,2024-08-14,80053,I10,professional
CLM-000827,M-000318,2024-04-21,99213,I10,professional
CLM-000828,M-000318,2024-02-23,99214,J06.9,professional
CLM-000829,M-000319,2023-06-15,99213,I10,professional
CLM-000830,M-000319,2024-08-03,99213,M54.5,professional
CLM-000831,M-000319,2024-10-13,99213,I10,professional
CLM-000832,M-000319,2024-06-09,99214,I10,professional
CLM-000833,M-000320,2023-07-17,99213,I10,professional
CLM-000834,M-000320,2024-03-17,3075F,I10,professional
CLM-000835,M-000320,2024-07-14,99214,E11.9,professional
CLM-000836,M-000320,2024-11-27,99214,I10,professional
CLM-000837,M-000320,2024-12-02,80053,M54.5,professional
CLM-000838,M-000321,2023-10-21,99213,I10,professional
CLM-000839,M-000321,2024-10-05,99214,I10,professional
CLM-000840,M-000321,2024-04-16,80053,I10,professional
CLM-000841,M-000322,2023-08-11,99213,I12.9,professional
CLM-000842,M-000322,2024-01-09,3075F,I10,professional
CLM-000843,M-000322,2024-07-21,99214,M54.5,professional
CLM-000844,M-000322,2024-03-11,99214,J06.9,professional
CLM-000845,M-000323,2023-02-09,99213,I12.9,professional
CLM-000846,M-000323,2024-01-27,3075F,I10,professional
CLM-000847,M-000323,2024-01-28,80053,M54.5,professional
CLM-000848,M-000323,2024-07-12,99213,I10,professional
CLM-000849,M-000323,2024-08-16,99213,I10,professional
CLM-000850,M-000324,2023-05-22,99213,I12.9,professional
CLM-000851,M-000325,2024-09-27,99214,E11.9,professional
CLM-000852,M-000326,2023-12-16,99213,I11.9,professional
CLM-000853,M-000326,2024-11-13,3074F,I10,professional
CLM-000854,M-000326,2024-02-16,80053,J06.9,professional
CLM-000855,M-000327,2023-12-15,99213,I11.9,professional
CLM-000856,M-000327,2024-11-19,3078F,I10,professional
CLM-000857,M-000327,2024-05-20,99213,I10,professional
CLM-000858,M-000327,2024-01-09,99213,M54.5,professional
CLM-000859,M-000327,2024-12-28,99213,J06.9,professional
CLM-000860,M-000328,2023-03-03,99213,I10,professional
CLM-000861,M-000328,2024-04-04,80053,J06.9,professional
CLM-000862,M-000328,2024-05-17,80053,I10,professional
CLM-000863,M-000328,2024-08-03,80053,I10,professional
CLM-000864,M-000329,2023-11-03,99213,I11.9,professional
CLM-000865,M-000329,2024-04-14,99213,M54.5,professional
CLM-000866,M-000329,2024-06-21,99214,E11.9,professional
CLM-000867,M-000329,2024-03-11,99213,J06.9,professional
CLM-000868,M-000330,2023-06-23,99213,I11.9,professional
CLM-000869,M-000330,2024-05-12,3079F,I10,professional
CLM-000870,M-000331,2023-10-21,99213,I11.9,professional
CLM-000871,M-000331,2024-09-23,3075F,I10,professional
CLM-000872,M-000331,2024-09-25,99213,I10,professional
CLM-000873,M-000331,2024-02-16,99213,J06.9,professional
CLM-000874,M-000332,2023-06-18,99213,I12.9,professional
CLM-000875,M-000332,2024-02-18,3075F,I10,professional
CLM-000876,M-000333,2023-01-18,99213,I12.9,professional
CLM-000877,M-000334,2024-12-17,3079F,I10,professional
CLM-000878,M-000334,2024-02-20,99213,J06.9,professional
CLM-000879,M-000334,2024-06-18,99213,J06.9,professional
CLM-000880,M-000335,2023-01-14,99213,I10,professional
CLM-000881,M-000336,2023-05-02,99213,I12.9,professional
CLM-000882,M-000336,2024-05-15,80053,J06.9,professional
CLM-000883,M-000336,2024-02-08,99213,E11.9,professional
CLM-000884,M-000337,2024-10-11,3074F,I10,professional
CLM-000885,M-000337,2024-11-16,99213,M54.5,professional
CLM-000886,M-000337,2024-12-28,99213,M54.5,professional
CLM-000887,M-000337,2024-12-17,99213,I10,professional
CLM-000888,M-000338,2023-06-14,99213,I11.9,professional
CLM-000889,M-000338,2024-11-19,99213,I10,professional
CLM-000890,M-000339,2023-08-21,99213,I11.9,professional
CLM-000891,M-000339,2024-10-13,99214,I10,professional
CLM-000892,M-000340,2023-08-09,99213,I12.9,professional
CLM-000893,M-000340,2024-01-22,99213,I10,professional
CLM-000894,M-000340,2024-12-08,99214,J06.9,professional
CLM-000895,M-000342,2024-10-28,3079F,I10,professional
CLM-000896,M-000342,2024-10-11,99213,J06.9,professional
CLM-000897,M-000343,2023-12-17,99213,I10,professional
CLM-000898,M-000343,2024-09-15,3078F,I10,professional
CLM-000899,M-000344,2023-06-27,99213,I10,professional
CLM-000900,M-000344,2024-10-25,80053,E11.9,professional
CLM-000901,M-000345,2023-11-04,99213,I12.9,professional
CLM-000902,M-000345,2024-05-07,3079F,I10,professional
CLM-000903,M-000345,2024-01-15,99214,J06.9,professional
CLM-000904,M-000345,2024-04-07,99213,M54.5,professional
CLM-000905,M-000345,2024-04-02,80053,M54.5,professional
CLM-000906,M-000346,2023-07-08,99213,I10,professional
CLM-000907,M-000346,2024-01-23,3078F,I10,professional
CLM-000908,M-000346,2024-10-22,99214,I10,professional
CLM-000909,M-000346,2024-11-27,99214,M54.5,professional
CLM-000910,M-000346,2024-09-22,80053,J06.9,professional
CLM-000911,M-000347,2023-01-26,99213,I12.9,professional
CLM-000912,M-000347,2024-08-28,80053,E11.9,professional
CLM-000913,M-000348,2023-12-08,99213,I10,professional
CLM-000914,M-000348,2024-11-04,3075F,I10,professional
CLM-000915,M-000348,2024-07-21,99213,E11.9,professional
CLM-000916,M-000349,2023-02-07,99213,I10,professional
CLM-000917,M-000349,2024-06-13,99214,E11.9,professional
CLM-000918,M-000350,2023-10-14,99213,I12.9,professional
CLM-000919,M-000350,2024-05-22,3075F,I10,professional
CLM-000920,M-000350,2024-05-23,99213,M54.5,professional
CLM-000921,M-000350,2024-04-03,99214,M54.5,professional
CLM-000922,M-000351,2023-02-27,99213,I11.9,professional
CLM-000923,M-000351,2024-02-17,80053,I10,professional
CLM-000924,M-000351,2024-08-18,99214,E11.9,professional
CLM-000925,M-000351,2024-01-17,99214,E11.9,professional
CLM-000926,M-000353,2023-04-24,99213,I12.9,professional
CLM-000927,M-000353,2024-08-07,99214,J06.9,professional
CLM-000928,M-000354,2023-11-15,99213,I10,professional
CLM-000929,M-000354,2024-04-25,3075F,I10,professional
CLM-000930,M-000354,2024-01-27,80053,I10,professional
CLM-000931,M-000355,2023-05-15,99213,I12.9,professional
CLM-000932,M-000355,2024-08-07,3078F,I10,professional
CLM-000933,M-000355,2024-01-04,80053,E11.9,professional
CLM-000934,M-000356,2024-12-17,80053,M54.5,professional
CLM-000935,M-000357,2023-06-24,99213,I11.9,professional
CLM-000936,M-000357,2024-02-28,99214,M54.5,professional
CLM-000937,M-000357,2024-09-21,80053,J06.9,professional
CLM-000938,M-000357,2024-08-02,99214,J06.9,professional
CLM-000939,M-000358,2023-02-13,99213,I11.9,professional
CLM-000940,M-000359,2023-01-22,99213,I12.9,professional
CLM-000941,M-000359,2024-12-28,3074F,I10,professional
CLM-000942,M-000359,2024-09-01,80053,J06.9,professional
CLM-000943,M-000359,2024-03-28,99214,I10,professional
CLM-000944,M-000359,2024-04-27,99213,E11.9,professional
CLM-000945,M-000360,2023-08-07,99213,I11.9,professional
CLM-000946,M-000360,2024-12-03,99214,I10,professional
CLM-000947,M-000360,2024-04-11,99214,J06.9,professional
CLM-000948,M-000360,2024-05-20,99213,J06.9,professional
CLM-000949,M-000361,2023-01-21,99213,I10,professional
CLM-000950,M-000361,2024-07-24,3074F,I10,professional
CLM-000951,M-000361,2024-01-03,99213,I10,professional
CLM-000952,M-000361,2024-06-21,80053,I10,professional
CLM-000953,M-000362,2023-07-26,99213,I12.9,professional
CLM-000954,M-000362,2024-08-17,99214,I10,professional
CLM-000955,M-000362,2024-11-02,80053,M54.5,professional
CLM-000956,M-000362,2024-11-08,99214,M54.5,professional
CLM-000957,M-000363,2023-11-14,99213,I12.9,professional
CLM-000958,M-000363,2024-10-25,80053,E11.9,professional
CLM-000959,M-000364,2023-06-14,99213,I11.9,professional
CLM-000960,M-000365,2024-09-16,80053,I10,professional
CLM-000961,M-000365,2024-05-07,99214,I10,professional
CLM-000962,M-000365,2024-12-28,80053,J06.9,professional
CLM-000963,M-000366,2023-08-18,99213,I10,professional
CLM-000964,M-000366,2024-12-17,3075F,I10,professional
CLM-000965,M-000366,2024-04-14,99214,J06.9,professional
CLM-000966,M-000366,2024-07-19,99214,J06.9,professional
CLM-000967,M-000366,2024-05-17,99213,J06.9,professional
CLM-000968,M-000367,2023-06-03,99213,I11.9,professional
CLM-000969,M-000367,2024-01-07,3078F,I10,professional
CLM-000970,M-000367,2024-11-12,99213,I10,professional
CLM-000971,M-000367,2024-07-21,80053,J06.9,professional
CLM-000972,M-000368,2023-07-18,99213,I10,professional
CLM-000973,M-000368,2024-03-21,99214,M54.5,professional
CLM-000974,M-000368,2024-03-03,99213,M54.5,professional
CLM-000975,M-000368,2024-04-06,99214,M54.5,professional
CLM-000976,M-000369,2023-03-15,99213,I10,professional
CLM-000977,M-000369,2024-03-06,80053,I10,professional
CLM-000978,M-000369,2024-04-10,80053,I10,professional
CLM-000979,M-000370,2023-03-09,99213,I12.9,professional
CLM-000980,M-000370,2024-11-14,99214,E11.9,professional
CLM-000981,M-000370,2024-01-27,99214,M54.5,professional
CLM-000982,M-000370,2024-08-15,99213,I10,professional
CLM-000983,M-000371,2024-03-15,3075F,I10,professional
CLM-000984,M-000371,2024-05-25,80053,J06.9,professional
CLM-000985,M-000371,2024-11-23,99213,M54.5,professional
CLM-000986,M-000372,2023-07-24,99213,I12.9,professional
CLM-000987,M-000372,2024-09-05,3075F,I10,professional
CLM-000988,M-000372,2024-08-25,99213,I10,professional
CLM-000989,M-000372,2024-10-13,99214,E11.9,professional
CLM-000990,M-000372,2024-11-01,99214,I10,professional
CLM-000991,M-000373,2024-03-24,80053,J06.9,professional
CLM-000992,M-000374,2023-08-25,99213,I12.9,professional
CLM-000993,M-000374,2024-02-14,80053,M54.5,professional
CLM-000994,M-000375,2023-11-28,99213,I10,professional
CLM-000995,M-000375,2024-09-23,3078F,I10,professional
CLM-000996,M-000375,2024-02-24,99214,E11.9,professional
CLM-000997,M-000375,2024-11-06,80053,I10,professional
CLM-000998,M-000375,2024-03-11,80053,J06.9,professional
CLM-000999,M-000376,2023-09-09,99213,I11.9,professional
CLM-001000,M-000376,2024-04-05,99214,I10,professional
CLM-001001,M-000377,2023-05-18,99213,I11.9,professional
CLM-001002,M-000377,2024-01-20,80053,M54.5,professional
CLM-001003,M-000377,2024-03-21,80053,J06.9,professional
CLM-001004,M-000377,2024-07-16,99213,I10,professional
CLM-001005,M-000378,2023-04-22,99213,I10,professional
CLM-001006,M-000378,2024-07-08,99214,I10,professional
CLM-001007,M-000379,2023-08-03,99213,I10,professional
CLM-001008,M-000379,2024-04-25,99214,J06.9,professional
CLM-001009,M-000380,2023-08-02,99213,I12.9,professional
CLM-001010,M-000380,2024-05-06,80053,E11.9,professional
CLM-001011,M-000380,2024-03-24,99213,M54.5,professional
CLM-001012,M-000381,2023-06-26,99213,I12.9,professional
CLM-001013,M-000381,2024-11-24,99213,J06.9,professional
CLM-001014,M-000381,2024-10-02,99214,I10,professional
CLM-001015,M-000382,2023-03-26,99213,I10,professional
CLM-001016,M-000382,2024-09-14,80053,J06.9,professional
CLM-001017,M-000382,2024-02-07,80053,J06.9,professional
CLM-001018,M-000383,2023-11-07,99213,I10,professional
CLM-001019,M-000383,2024-04-26,3079F,I10,professional
CLM-001020,M-000384,2024-03-12,3078F,I10,professional
CLM-001021,M-000385,2024-08-16,99214,I10,professional
CLM-001022,M-000385,2024-02-21,80053,J06.9,professional
CLM-001023,M-000386,2023-09-02,99213,I10,professional
CLM-001024,M-000386,2024-01-16,80053,E11.9,professional
CLM-001025,M-000387,2023-12-13,99213,I10,professional
CLM-001026,M-000387,2024-09-10,99214,J06.9,professional
CLM-001027,M-000387,2024-11-18,99213,M54.5,professional
CLM-001028,M-000388,2024-03-25,80053,M54.5,professional
CLM-001029,M-000388,2024-05-20,99213,M54.5,professional
CLM-001030,M-000389,2023-03-13,99213,I10,professional
CLM-001031,M-000389,2024-05-06,80053,M54.5,professional
CLM-001032,M-000389,2024-12-22,99213,M54.5,professional
CLM-001033,M-000390,2023-09-05,99213,I12.9,professional
CLM-001034,M-000390,2024-11-04,3074F,I10,professional
CLM-001035,M-000390,2024-04-04,99214,J06.9,professional
CLM-001036,M-000390,2024-12-24,99213,I10,professional
CLM-001037,M-000390,2024-03-06,80053,I10,professional
CLM-001038,M-000391,2024-06-04,99213,E11.9,professional
CLM-001039,M-000391,2024-12-05,80053,M54.5,professional
CLM-001040,M-000392,2023-02-19,99213,I10,professional
CLM-001041,M-000392,2024-07-08,3078F,I10,professional
CLM-001042,M-000392,2024-12-19,80053,I10,professional
CLM-001043,M-000394,2024-11-16,99213,E11.9,professional
CLM-001044,M-000395,2023-06-12,99213,I10,professional
CLM-001045,M-000395,2024-10-27,99214,J06.9,professional
CLM-001046,M-000396,2024-07-01,3074F,I10,professional
CLM-001047,M-000396,2024-08-07,80053,M54.5,professional
CLM-001048,M-000396,2024-11-28,99213,E11.9,professional
CLM-001049,M-000397,2023-11-04,99213,I11.9,professional
CLM-001050,M-000397,2024-03-18,3075F,I10,professional
CLM-001051,M-000397,2024-09-16,99213,J06.9,professional
CLM-001052,M-000397,2024-07-09,99214,E11.9,professional
CLM-001053,M-000397,2024-09-11,99214,I10,professional
CLM-001054,M-000398,2024-08-22,3078F,I10,professional
CLM-001055,M-000399,2023-06-06,99213,I11.9,professional
CLM-001056,M-000399,2024-08-22,3074F,I10,professional
CLM-001057,M-000399,2024-08-13,99213,M54.5,professional
CLM-001058,M-000399,2024-09-25,99214,I10,professional
CLM-001059,M-000399,2024-11-19,80053,M54.5,professional
CLM-001060,M-000400,2023-05-07,99213,I10,professional
CLM-001061,M-000400,2024-03-20,99213,M54.5,professional
CLM-001062,M-000400,2024-08-10,99213,I10,professional
CLM-001063,M-000401,2023-09-17,99213,I12.9,professional
CLM-001064,M-000402,2023-03-16,99213,I11.9,professional
CLM-001065,M-000402,2024-09-01,80053,E11.9,professional
CLM-001066,M-000402,2024-01-15,99214,J06.9,professional
CLM-001067,M-000403,2023-02-17,99213,I12.9,professional
CLM-001068,M-000403,2024-03-26,99214,E11.9,professional
CLM-001069,M-000404,2024-08-08,3075F,I10,professional
CLM-001070,M-000404,2024-08-16,80053,M54.5,professional
CLM-001071,M-000404,2024-09-01,80053,M54.5,professional
CLM-001072,M-000405,2023-06-23,99213,I10,professional
CLM-001073,M-000406,2023-08-22,99213,I12.9,professional
CLM-001074,M-000406,2024-07-28,3074F,I10,professional
CLM-001075,M-000407,2023-08-07,99213,I11.9,professional
CLM-001076,M-000407,2024-08-13,99213,E11.9,professional
CLM-001077,M-000407,2024-12-18,80053,E11.9,professional
CLM-001078,M-000408,2023-01-20,99213,I12.9,professional
CLM-001079,M-000408,2024-03-21,3078F,I10,professional
CLM-001080,M-000408,2024-06-17,99213,E11.9,professional
CLM-001081,M-000408,2024-06-23,99214,M54.5,professional
CLM-001082,M-000408,2024-11-10,80053,I10,professional
CLM-001083,M-000409,2024-10-01,99213,M54.5,professional
CLM-001084,M-000409,2024-09-08,99213,E11.9,professional
CLM-001085,M-000409,2024-08-04,99213,M54.5,professional
CLM-001086,M-000410,2023-02-23,99213,I10,professional
CLM-001087,M-000410,2024-03-13,3074F,I10,professional
CLM-001088,M-000411,2023-11-08,99213,I12.9,professional
CLM-001089,M-000411,2024-05-06,3074F,I10,professional
CLM-001090,M-000411,2024-04-19,80053,E11.9,professional
CLM-001091,M-000411,2024-11-21,80053,M54.5,professional
CLM-001092,M-000411,2024-04-04,80053,E11.9,professional
CLM-001093,M-000412,2024-01-23,99214,I10,professional
CLM-001094,M-000412,2024-08-18,99213,I10,professional
CLM-001095,M-000412,2024-10-24,80053,I10,professional
CLM-001096,M-000413,2023-11-17,99213,I11.9,professional
CLM-001097,M-000413,2024-07-27,99214,M54.5,professional
CLM-001098,M-000414,2023-09-11,99213,I12.9,professional
CLM-001099,M-000414,2024-01-12,3075F,I10,professional
CLM-001100,M-000414,2024-07-21,99214,E11.9,professional
CLM-001101,M-000414,2024-05-10,99214,M54.5,professional
CLM-001102,M-000415,2023-08-01,99213,I10,professional
CLM-001103,M-000415,2024-06-22,99213,J06.9,professional
CLM-001104,M-000415,2024-03-22,80053,E11.9,professional
CLM-001105,M-000415,2024-06-13,80053,I10,professional
CLM-001106,M-000416,2023-05-18,99213,I10,professional
CLM-001107,M-000416,2024-08-16,3074F,I10,professional
CLM-001108,M-000416,2024-11-22,99214,J06.9,professional
CLM-001109,M-000416,2024-01-24,99213,E11.9,professional
CLM-001110,M-000416,2024-05-10,99213,J06.9,professional
CLM-001111,M-000417,2023-07-01,99213,I10,professional
CLM-001112,M-000417,2024-02-17,99214,E11.9,professional
CLM-001113,M-000418,2024-11-12,3078F,I10,professional
CLM-001114,M-000418,2024-11-25,80053,I10,professional
CLM-001115,M-000418,2024-02-20,99213,E11.9,professional
CLM-001116,M-000419,2023-09-05,99213,I12.9,professional
CLM-001117,M-000419,2024-08-02,3078F,I10,professional
CLM-001118,M-000421,2023-12-07,99213,I10,professional
CLM-001119,M-000421,2024-10-07,80053,E11.9,professional
CLM-001120,M-000422,2023-12-24,99213,I11.9,professional
CLM-001121,M-000422,2024-11-09,99213,M54.5,professional
CLM-001122,M-000422,2024-12-09,80053,J06.9,professional
CLM-001123,M-000423,2023-02-23,99213,I10,professional
CLM-001124,M-000424,2023-07-06,99213,I11.9,professional
CLM-001125,M-000424,2024-04-02,3078F,I10,professional
CLM-001126,M-000424,2024-02-06,80053,J06.9,professional
CLM-001127,M-000424,2024-01-16,80053,E11.9,professional
CLM-001128,M-000425,2023-10-19,99213,I10,professional
CLM-001129,M-000425,2024-10-26,3075F,I10,professional
CLM-001130,M-000426,2023-10-17,99213,I10,professional
CLM-001131,M-000426,2024-05-21,3074F,I10,professional
CLM-001132,M-000426,2024-09-01,80053,M54.5,professional
CLM-001133,M-000427,2023-09-21,99213,I10,professional
CLM-001134,M-000427,2024-04-28,80053,J06.9,professional
CLM-001135,M-000428,2023-02-01,99213,I10,professional
CLM-001136,M-000428,2024-12-13,99214,E11.9,professional
CLM-001137,M-000428,2024-01-12,99213,M54.5,professional
CLM-001138,M-000428,2024-07-18,80053,E11.9,professional
CLM-001139,M-000429,2023-09-11,99213,I10,professional
CLM-001140,M-000429,2024-11-27,99213,M54.5,professional
CLM-001141,M-000429,2024-05-05,99213,E11.9,professional
CLM-001142,M-000429,2024-06-13,80053,E11.9,professional
CLM-001143,M-000430,2023-12-28,99213,I12.9,professional
CLM-001144,M-000430,2024-03-03,80053,I10,professional
CLM-001145,M-000430,2024-01-24,99213,E11.9,professional
CLM-001146,M-000430,2024-03-24,99214,E11.9,professional
CLM-001147,M-000431,2023-03-22,99213,I12.9,professional
CLM-001148,M-000432,2023-11-26,99213,I10,professional
CLM-001149,M-000432,2024-12-25,99214,I10,professional
CLM-001150,M-000433,2023-07-02,99213,I10,professional
CLM-001151,M-000433,2024-05-05,3079F,I10,professional
CLM-001152,M-000434,2023-12-10,99213,I11.9,professional
CLM-001153,M-000435,2023-10-13,99213,I11.9,professional
CLM-001154,M-000435,2024-05-02,3075F,I10,professional
CLM-001155,M-000435,2024-02-12,99213,I10,professional
CLM-001156,M-000435,2024-08-23,80053,I10,professional
CLM-001157,M-000436,2023-10-13,99213,I11.9,professional
CLM-001158,M-000436,2024-09-25,99213,E11.9,professional
CLM-001159,M-000436,2024-10-14,99214,J06.9,professional
CLM-001160,M-000437,2023-04-03,99213,I11.9,professional
CLM-001161,M-000437,2024-04-03,99213,E11.9,professional
CLM-001162,M-000437,2024-09-15,99214,J06.9,professional
CLM-001163,M-000438,2023-10-12,99213,I10,professional
CLM-001164,M-000438,2024-06-10,80053,M54.5,professional
CLM-001165,M-000438,2024-05-26,99213,M54.5,professional
CLM-001166,M-000438,2024-09-22,99214,J06.9,professional
CLM-001167,M-000439,2024-05-27,3075F,I10,professional
CLM-001168,M-000439,2024-07-06,99213,E11.9,professional
CLM-001169,M-000439,2024-10-11,99213,I10,professional
CLM-001170,M-000440,2023-11-06,99213,I11.9,professional
CLM-001171,M-000440,2024-06-23,80053,J06.9,professional
CLM-001172,M-000440,2024-12-18,80053,J06.9,professional
CLM-001173,M-000440,2024-07-21,99213,J06.9,professional
CLM-001174,M-000441,2023-10-01,99213,I12.9,professional
CLM-001175,M-000442,2023-01-04,99213,I12.9,professional
CLM-001176,M-000442,2024-12-24,99213,I10,professional
CLM-001177,M-000442,2024-07-07,99213,I10,professional
CLM-001178,M-000442,2024-06-06,99213,M54.5,professional
CLM-001179,M-000443,2023-07-19,99213,I11.9,professional
CLM-001180,M-000443,2024-02-18,3078F,I10,professional
CLM-001181,M-000443,2024-05-23,99213,J06.9,professional
CLM-001182,M-000443,2024-11-26,99214,M54.5,professional
CLM-001183,M-000443,2024-08-25,99214,J06.9,professional
CLM-001184,M-000444,2023-02-15,99213,I11.9,professional
CLM-001185,M-000444,2024-05-17,99214,E11.9,professional
CLM-001186,M-000444,2024-05-28,80053,I10,professional
CLM-001187,M-000444,2024-10-28,80053,E11.9,professional
CLM-001188,M-000445,2024-04-03,80053,J06.9,professional
CLM-001189,M-000445,2024-03-17,99213,M54.5,professional
CLM-001190,M-000445,2024-12-16,80053,J06.9,professional
CLM-001191,M-000446,2023-12-16,99213,I10,professional
CLM-001192,M-000447,2023-02-03,99213,I11.9,professional
CLM-001193,M-000447,2024-03-27,99213,I10,professional
CLM-001194,M-000448,2023-06-21,99213,I10,professional
CLM-001195,M-000448,2024-08-06,80053,I10,professional
CLM-001196,M-000448,2024-01-26,99213,M54.5,professional
CLM-001197,M-000449,2023-08-15,99213,I10,professional
CLM-001198,M-000449,2024-07-12,99214,E11.9,professional
CLM-001199,M-000449,2024-10-28,99214,J06.9,professional
CLM-001200,M-000449,2024-09-13,99214,I10,professional
CLM-001201,M-000450,2023-02-12,99213,I11.9,professional
CLM-001202,M-000450,2024-01-09,3074F,I10,professional
CLM-001203,M-000450,2024-11-02,99213,M54.5,professional
CLM-001204,M-000450,2024-05-26,99213,M54.5,professional
CLM-001205,M-000450,2024-08-17,99213,J06.9,professional
CLM-001206,M-000451,2023-10-22,99213,I12.9,professional
CLM-001207,M-000451,2024-09-23,99213,I10,professional
CLM-001208,M-000451,2024-08-15,80053,M54.5,professional
CLM-001209,M-000451,2024-11-08,99213,E11.9,professional
CLM-001210,M-000452,2023-05-17,99213,I11.9,professional
CLM-001211,M-000452,2024-08-13,99214,I10,professional
CLM-001212,M-000452,2024-04-09,80053,E11.9,professional
CLM-001213,M-000453,2023-03-09,99213,I10,professional
CLM-001214,M-000454,2023-02-06,99213,I11.9,professional
CLM-001215,M-000454,2024-10-11,99213,J06.9,professional
CLM-001216,M-000454,2024-12-14,80053,M54.5,professional
CLM-001217,M-000455,2024-05-03,99213,I10,professional
CLM-001218,M-000455,2024-10-25,99213,E11.9,professional
CLM-001219,M-000455,2024-10-13,80053,I10,professional
CLM-001220,M-000456,2023-12-02,99213,I12.9,professional
CLM-001221,M-000456,2024-01-28,99213,I10,professional
CLM-001222,M-000457,2023-01-07,99213,I12.9,professional
CLM-001223,M-000457,2024-09-04,99214,J06.9,professional
CLM-001224,M-000458,2023-01-14,99213,I12.9,professional
CLM-001225,M-000459,2024-02-22,99213,M54.5,professional
CLM-001226,M-000459,2024-01-03,99213,E11.9,professional
CLM-001227,M-000459,2024-02-09,99214,I10,professional
CLM-001228,M-000461,2024-03-06,99213,M54.5,professional
CLM-001229,M-000461,2024-06-04,80053,M54.5,professional
CLM-001230,M-000462,2023-12-19,99213,I11.9,professional
CLM-001231,M-000462,2024-05-03,99214,I10,professional
CLM-001232,M-000462,2024-04-03,99214,I10,professional
CLM-001233,M-000463,2024-12-07,99214,I10,professional
CLM-001234,M-000463,2024-04-02,80053,M54.5,professional
CLM-001235,M-000464,2023-12-13,99213,I12.9,professional
CLM-001236,M-000464,2024-06-16,80053,I10,professional
CLM-001237,M-000464,2024-09-11,80053,J06.9,professional
CLM-001238,M-000465,2023-03-21,99213,I12.9,professional
CLM-001239,M-000465,2024-06-20,3079F,I10,professional
CLM-001240,M-000466,2023-06-16,99213,I12.9,professional
CLM-001241,M-000466,2024-11-02,99214,E11.9,professional
CLM-001242,M-000466,2024-11-27,99214,E11.9,professional
CLM-001243,M-000466,2024-01-01,99213,M54.5,professional
CLM-001244,M-000467,2023-09-06,99213,I12.9,professional
CLM-001245,M-000467,2024-08-23,80053,E11.9,professional
CLM-001246,M-000467,2024-09-13,80053,J06.9,professional
CLM-001247,M-000468,2024-02-25,3074F,I10,professional
CLM-001248,M-000468,2024-09-09,80053,M54.5,professional
CLM-001249,M-000469,2023-06-18,99213,I10,professional
CLM-001250,M-000469,2024-07-18,3074F,I10,professional
CLM-001251,M-000469,2024-12-27,99213,I10,professional
CLM-001252,M-000469,2024-11-26,80053,I10,professional
CLM-001253,M-000469,2024-09-08,99213,M54.5,professional
CLM-001254,M-000470,2024-02-09,99213,I10,professional
CLM-001255,M-000470,2024-05-27,80053,M54.5,professional
CLM-001256,M-000471,2024-12-20,99214,E11.9,professional
CLM-001257,M-000472,2023-09-08,99213,I12.9,professional
CLM-001258,M-000472,2024-07-21,99214,E11.9,professional
CLM-001259,M-000472,2024-05-27,80053,I10,professional
CLM-001260,M-000472,2024-01-04,80053,J06.9,professional
CLM-001261,M-000473,2024-11-12,3078F,I10,professional
CLM-001262,M-000474,2024-04-05,3078F,I10,professional
CLM-001263,M-000474,2024-06-17,99214,M54.5,professional
CLM-001264,M-000474,2024-09-15,99214,M54.5,professional
CLM-001265,M-000475,2023-06-11,99213,I11.9,professional
CLM-001266,M-000476,2023-02-14,99213,I12.9,professional
CLM-001267,M-000477,2023-03-23,99213,I11.9,professional
CLM-001268,M-000477,2024-05-16,3074F,I10,professional
CLM-001269,M-000477,2024-10-19,99213,I10,professional
CLM-001270,M-000477,2024-03-06,99214,E11.9,professional
CLM-001271,M-000477,2024-07-22,99214,E11.9,professional
CLM-001272,M-000478,2023-07-15,99213,I12.9,professional
CLM-001273,M-000478,2024-04-04,99213,I10,professional
CLM-001274,M-000479,2023-12-19,99213,I10,professional
CLM-001275,M-000479,2024-07-16,3075F,I10,professional
CLM-001276,M-000479,2024-06-22,99213,I10,professional
CLM-001277,M-000480,2023-01-08,99213,I12.9,professional
CLM-001278,M-000480,2024-03-04,3074F,I10,professional
CLM-001279,M-000481,2024-12-15,99214,M54.5,professional
CLM-001280,M-000481,2024-11-02,99214,M54.5,professional
CLM-001281,M-000482,2023-04-15,99213,I12.9,professional
CLM-001282,M-000482,2024-01-14,3075F,I10,professional
CLM-001283,M-000484,2023-10-23,99213,I11.9,professional
CLM-001284,M-000484,2024-11-12,80053,J06.9,professional
CLM-001285,M-000485,2023-04-15,99213,I12.9,professional
CLM-001286,M-000485,2024-08-18,99214,J06.9,professional
CLM-001287,M-000486,2024-11-03,3078F,I10,professional
CLM-001288,M-000486,2024-03-15,99214,J06.9,professional
CLM-001289,M-000486,2024-09-01,80053,I10,professional
CLM-001290,M-000487,2023-03-01,99213,I12.9,professional
CLM-001291,M-000488,2024-05-19,99214,I10,professional
CLM-001292,M-000489,2023-06-23,99213,I11.9,professional
CLM-001293,M-000489,2024-06-07,3078F,I10,professional
CLM-001294,M-000489,2024-11-25,80053,E11.9,professional
CLM-001295,M-000489,2024-07-11,80053,I10,professional
CLM-001296,M-000489,2024-06-01,80053,J06.9,professional
CLM-001297,M-000490,2023-07-04,99213,I10,professional
CLM-001298,M-000490,2024-05-25,99213,M54.5,professional
CLM-001299,M-000490,2024-04-03,99214,E11.9,professional
CLM-001300,M-000491,2023-12-03,99213,I11.9,professional
CLM-001301,M-000491,2024-08-16,80053,M54.5,professional
CLM-001302,M-000491,2024-07-24,80053,E11.9,professional
CLM-001303,M-000492,2024-02-09,99213,M54.5,professional
CLM-001304,M-000492,2024-10-25,99213,E11.9,professional
CLM-001305,M-000493,2024-07-27,3074F,I10,professional
CLM-001306,M-000494,2023-06-27,99213,I12.9,professional
CLM-001307,M-000494,2024-03-24,99214,M54.5,professional
CLM-001308,M-000495,2023-05-10,99213,I11.9,professional
CLM-001309,M-000495,2024-02-03,80053,M54.5,professional
CLM-001310,M-000496,2023-06-23,99213,I10,professional
CLM-001311,M-000497,2023-05-26,99213,I11.9,professional
CLM-001312,M-000498,2023-01-06,99213,I10,professional
CLM-001313,M-000498,2024-02-20,99214,M54.5,professional
CLM-001314,M-000498,2024-10-11,99213,M54.5,professional
CLM-001315,M-000498,2024-09-19,80053,M54.5,professional
CLM-001316,M-000500,2023-07-13,99213,I11.9,professional
CLM-001317,M-000500,2024-09-15,99214,M54.5,professional
CLM-001318,M-000500,2024-06-17,80053,I10,professional
CLM-001319,M-000500,2024-12-04,80053,J06.9,professional
CLM-001320,M-000501,2023-11-11,99213,I12.9,professional
CLM-001321,M-000502,2023-03-14,99213,I10,professional
CLM-001322,M-000502,2024-08-15,3078F,I10,professional
CLM-001323,M-000503,2024-03-10,3075F,I10,professional
CLM-001324,M-000503,2024-11-28,80053,M54.5,professional
CLM-001325,M-000504,2024-03-27,80053,E11.9,professional
CLM-001326,M-000505,2023-01-06,99213,I10,professional
CLM-001327,M-000505,2024-11-05,80053,I10,professional
CLM-001328,M-000505,2024-07-09,80053,E11.9,professional
CLM-001329,M-000505,2024-12-17,80053,J06.9,professional
CLM-001330,M-000506,2023-01-06,99213,I12.9,professional
CLM-001331,M-000506,2024-12-10,99213,J06.9,professional
CLM-001332,M-000506,2024-04-21,99213,J06.9,professional
CLM-001333,M-000507,2024-08-24,80053,J06.9,professional
CLM-001334,M-000508,2023-09-24,99213,I10,professional
CLM-001335,M-000508,2024-07-12,3074F,I10,professional
CLM-001336,M-000508,2024-09-14,99213,M54.5,professional
CLM-001337,M-000508,2024-07-10,80053,E11.9,professional
CLM-001338,M-000509,2023-09-16,99213,I12.9,professional
CLM-001339,M-000509,2024-09-13,99214,I10,professional
CLM-001340,M-000510,2023-06-28,99213,I12.9,professional
CLM-001341,M-000510,2024-04-24,3078F,I10,professional
CLM-001342,M-000510,2024-10-28,99213,J06.9,professional
CLM-001343,M-000511,2024-08-24,3075F,I10,professional
CLM-001344,M-000511,2024-03-21,99214,E11.9,professional
CLM-001345,M-000512,2023-10-21,99213,I10,professional
CLM-001346,M-000512,2024-10-17,3079F,I10,professional
CLM-001347,M-000512,2024-11-04,99214,J06.9,professional
CLM-001348,M-000512,2024-03-22,80053,I10,professional
CLM-001349,M-000514,2023-05-10,99213,I10,professional
CLM-001350,M-000515,2023-03-18,99213,I10,professional
CLM-001351,M-000515,2024-03-13,3078F,I10,professional
CLM-001352,M-000516,2023-10-11,99213,I12.9,professional
CLM-001353,M-000516,2024-07-06,3078F,I10,professional
CLM-001354,M-000516,2024-10-07,99214,M54.5,professional
CLM-001355,M-000517,2023-06-16,99213,I11.9,professional
CLM-001356,M-000517,2024-02-06,3078F,I10,professional
CLM-001357,M-000517,2024-01-19,99213,I10,professional
CLM-001358,M-000517,2024-01-16,99214,E11.9,professional
CLM-001359,M-000517,2024-03-07,99214,M54.5,professional
CLM-001360,M-000518,2024-08-05,99213,I10,professional
CLM-001361,M-000518,2024-08-28,99213,M54.5,professional
CLM-001362,M-000518,2024-06-02,99214,E11.9,professional
CLM-001363,M-000519,2023-07-16,99213,I12.9,professional
CLM-001364,M-000519,2024-05-27,99213,J06.9,professional
CLM-001365,M-000519,2024-01-19,99213,M54.5,professional
CLM-001366,M-000520,2023-10-09,99213,I10,professional
CLM-001367,M-000520,2024-11-12,99214,I10,professional
CLM-001368,M-000520,2024-07-28,99213,M54.5,professional
CLM-001369,M-000521,2024-11-04,99213,E11.9,professional
CLM-001370,M-000521,2024-10-08,99214,J06.9,professional
CLM-001371,M-000521,2024-12-13,80053,M54.5,professional
CLM-001372,M-000522,2024-01-02,99213,M54.5,professional
CLM-001373,M-000522,2024-10-23,99214,I10,professional
CLM-001374,M-000523,2023-09-04,99213,I12.9,professional
CLM-001375,M-000523,2024-04-05,3079F,I10,professional
CLM-001376,M-000523,2024-03-09,80053,M54.5,professional
CLM-001377,M-000523,2024-02-13,80053,J06.9,professional
CLM-001378,M-000524,2023-01-17,99213,I12.9,professional
CLM-001379,M-000524,2024-12-25,99214,E11.9,professional
CLM-001380,M-000524,2024-07-10,99214,M54.5,professional
CLM-001381,M-000524,2024-11-16,99213,E11.9,professional
CLM-001382,M-000525,2023-04-24,99213,I12.9,professional
CLM-001383,M-000526,2023-05-25,99213,I11.9,professional
CLM-001384,M-000526,2024-01-25,99213,J06.9,professional
CLM-001385,M-000526,2024-09-16,99214,I10,professional
CLM-001386,M-000526,2024-07-10,99214,J06.9,professional
CLM-001387,M-000527,2023-06-28,99213,I10,professional
CLM-001388,M-000527,2024-08-04,99214,E11.9,professional
CLM-001389,M-000528,2023-10-20,99213,I12.9,professional
CLM-001390,M-000529,2023-08-23,99213,I11.9,professional
CLM-001391,M-000529,2024-07-17,3074F,I10,professional
CLM-001392,M-000530,2023-07-03,99213,I12.9,professional
CLM-001393,M-000530,2024-08-28,3079F,I10,professional
CLM-001394,M-000530,2024-10-19,99213,J06.9,professional
CLM-001395,M-000530,2024-02-27,99213,I10,professional
CLM-001396,M-000531,2023-06-01,99213,I12.9,professional
CLM-001397,M-000531,2024-01-06,3074F,I10,professional
CLM-001398,M-000532,2023-04-27,99213,I12.9,professional
CLM-001399,M-000532,2024-11-01,3075F,I10,professional
CLM-001400,M-000532,2024-10-13,99213,M54.5,professional
CLM-001401,M-000533,2023-03-02,99213,I10,professional
CLM-001402,M-000533,2024-05-16,99214,J06.9,professional
CLM-001403,M-000533,2024-04-10,99213,M54.5,professional
CLM-001404,M-000533,2024-06-11,99213,E11.9,professional
CLM-001405,M-000534,2023-10-26,99213,I11.9,professional
CLM-001406,M-000534,2024-09-24,80053,M54.5,professional
CLM-001407,M-000535,2023-06-10,99213,I12.9,professional
CLM-001408,M-000535,2024-07-07,99213,E11.9,professional
CLM-001409,M-000535,2024-04-04,80053,E11.9,professional
CLM-001410,M-000536,2024-08-23,3075F,I10,professional
CLM-001411,M-000537,2023-03-26,99213,I10,professional
CLM-001412,M-000537,2024-07-25,80053,M54.5,professional
CLM-001413,M-000537,2024-07-06,99214,J06.9,professional
CLM-001414,M-000537,2024-08-27,80053,I10,professional
CLM-001415,M-000538,2023-03-23,99213,I12.9,professional
CLM-001416,M-000539,2023-09-05,99213,I12.9,professional
CLM-001417,M-000539,2024-01-05,99213,I10,professional
CLM-001418,M-000540,2023-06-02,99213,I12.9,professional
CLM-001419,M-000541,2024-05-19,3075F,I10,professional
CLM-001420,M-000541,2024-05-07,99214,M54.5,professional
CLM-001421,M-000541,2024-08-13,80053,J06.9,professional
CLM-001422,M-000542,2023-02-23,99213,I12.9,professional
CLM-001423,M-000542,2024-11-15,3079F,I10,professional
CLM-001424,M-000542,2024-10-22,80053,E11.9,professional
CLM-001425,M-000543,2023-06-25,99213,I10,professional
CLM-001426,M-000544,2023-05-03,99213,I12.9,professional
CLM-001427,M-000544,2024-08-24,3074F,I10,professional
CLM-001428,M-000544,2024-03-24,99213,E11.9,professional
CLM-001429,M-000545,2023-01-28,99213,I12.9,professional
CLM-001430,M-000545,2024-10-17,3075F,I10,professional
CLM-001431,M-000545,2024-04-12,80053,J06.9,professional
CLM-001432,M-000546,2023-08-28,99213,I12.9,professional
CLM-001433,M-000546,2024-07-18,3079F,I10,professional
CLM-001434,M-000547,2023-12-11,99213,I11.9,professional
CLM-001435,M-000547,2024-02-19,3079F,I10,professional
CLM-001436,M-000547,2024-12-27,80053,I10,professional
CLM-001437,M-000547,2024-04-27,80053,M54.5,professional
CLM-001438,M-000547,2024-08-08,99214,J06.9,professional
CLM-001439,M-000548,2023-05-06,99213,I10,professional
CLM-001440,M-000548,2024-06-23,3079F,I10,professional
CLM-001441,M-000549,2023-11-18,99213,I11.9,professional
CLM-001442,M-000549,2024-04-09,99214,M54.5,professional
CLM-001443,M-000549,2024-03-18,99213,J06.9,professional
CLM-001444,M-000549,2024-06-18,99213,M54.5,professional
CLM-001445,M-000550,2023-05-19,99213,I10,professional
CLM-001446,M-000550,2024-06-11,3078F,I10,professional
CLM-001447,M-000550,2024-04-14,80053,E11.9,professional
CLM-001448,M-000551,2024-01-12,3075F,I10,professional
CLM-001449,M-000551,2024-02-10,99213,I10,professional
CLM-001450,M-000551,2024-02-03,99214,E11.9,professional
CLM-001451,M-000551,2024-12-08,99213,J06.9,professional
CLM-001452,M-000552,2023-04-17,99213,I11.9,professional
CLM-001453,M-000552,2024-10-22,99213,I10,professional
CLM-001454,M-000553,2023-09-22,99213,I11.9,professional
CLM-001455,M-000553,2024-07-12,3078F,I10,professional
CLM-001456,M-000553,2024-03-19,99214,M54.5,professional
CLM-001457,M-000554,2024-04-26,3074F,I10,professional
CLM-001458,M-000555,2023-01-27,99213,I12.9,professional
CLM-001459,M-000555,2024-01-15,3078F,I10,professional
CLM-001460,M-000555,2024-05-07,99214,J06.9,professional
CLM-001461,M-000556,2024-05-05,99214,M54.5,professional
CLM-001462,M-000556,2024-01-11,99213,E11.9,professional
CLM-001463,M-000556,2024-05-26,80053,M54.5,professional
CLM-001464,M-000557,2023-08-13,99213,I11.9,professional
CLM-001465,M-000557,2024-08-16,3078F,I10,professional
CLM-001466,M-000557,2024-02-02,99214,E11.9,professional
CLM-001467,M-000557,2024-06-07,99214,E11.9,professional
CLM-001468,M-000557,2024-03-09,80053,J06.9,professional
CLM-001469,M-000558,2024-12-23,99213,J06.9,professional
CLM-001470,M-000558,2024-10-22,80053,E11.9,professional
CLM-001471,M-000558,2024-02-21,99214,J06.9,professional
CLM-001472,M-000559,2023-04-06,99213,I12.9,professional
CLM-001473,M-000559,2024-01-12,3078F,I10,professional
CLM-001474,M-000559,2024-05-27,80053,I10,professional
CLM-001475,M-000560,2023-02-26,99213,I10,professional
CLM-001476,M-000560,2024-05-10,3078F,I10,professional
CLM-001477,M-000560,2024-04-01,99213,J06.9,professional
CLM-001478,M-000560,2024-03-26,99213,E11.9,professional
CLM-001479,M-000561,2023-09-15,99213,I11.9,professional
CLM-001480,M-000561,2024-02-16,99213,J06.9,professional
CLM-001481,M-000562,2023-08-06,99213,I12.9,professional
CLM-001482,M-000563,2023-07-22,99213,I11.9,professional
CLM-001483,M-000564,2023-01-05,99213,I11.9,professional
CLM-001484,M-000564,2024-09-28,3075F,I10,professional
CLM-001485,M-000564,2024-06-15,80053,M54.5,professional
CLM-001486,M-000564,2024-05-25,99213,I10,professional
CLM-001487,M-000564,2024-07-25,80053,J06.9,professional
CLM-001488,M-000565,2023-12-22,99213,I11.9,professional
CLM-001489,M-000565,2024-03-14,3075F,I10,professional
CLM-001490,M-000565,2024-07-22,99214,E11.9,professional
CLM-001491,M-000565,2024-02-24,80053,J06.9,professional
CLM-001492,M-000565,2024-04-06,99213,E11.9,professional
CLM-001493,M-000566,2023-05-03,99213,I11.9,professional
CLM-001494,M-000566,2024-08-10,99214,E11.9,professional
CLM-001495,M-000566,2024-04-19,99213,E11.9,professional
CLM-001496,M-000567,2023-07-12,99213,I10,professional
CLM-001497,M-000568,2024-02-18,99213,I10,professional
CLM-001498,M-000569,2023-02-04,99213,I11.9,professional
CLM-001499,M-000570,2023-03-11,99213,I12.9,professional
CLM-001500,M-000570,2024-12-26,3075F,I10,professional
CLM-001501,M-000571,2023-11-20,99213,I11.9,professional
CLM-001502,M-000571,2024-03-26,99213,J06.9,professional
CLM-001503,M-000572,2023-08-08,99213,I12.9,professional
CLM-001504,M-000572,2024-01-28,3074F,I10,professional
CLM-001505,M-000572,2024-10-20,99213,M54.5,professional
CLM-001506,M-000572,2024-07-13,80053,J06.9,professional
CLM-001507,M-000572,2024-05-11,99214,J06.9,professional
CLM-001508,M-000573,2023-02-04,99213,I10,professional
CLM-001509,M-000573,2024-09-27,3075F,I10,professional
CLM-001510,M-000573,2024-08-01,99213,J06.9,professional
CLM-001511,M-000574,2023-03-18,99213,I11.9,professional
CLM-001512,M-000574,2024-03-12,99213,E11.9,professional
CLM-001513,M-000574,2024-12-10,99213,M54.5,professional
CLM-001514,M-000574,2024-10-08,80053,M54.5,professional
CLM-001515,M-000575,2023-09-10,99213,I10,professional
CLM-001516,M-000576,2023-06-23,99213,I11.9,professional
CLM-001517,M-000576,2024-06-01,80053,M54.5,professional
CLM-001518,M-000576,2024-09-18,99214,E11.9,professional
CLM-001519,M-000577,2023-10-18,99213,I10,professional
CLM-001520,M-000577,2024-07-23,99213,E11.9,professional
CLM-001521,M-000577,2024-04-07,99213,I10,professional
CLM-001522,M-000577,2024-04-25,99213,I10,professional
CLM-001523,M-000578,2023-09-01,99213,I11.9,professional
CLM-001524,M-000579,2023-04-11,99213,I12.9,professional
CLM-001525,M-000579,2024-03-16,3079F,I10,professional
CLM-001526,M-000579,2024-12-17,99213,I10,professional
CLM-001527,M-000579,2024-03-13,99214,E11.9,professional
CLM-001528,M-000580,2024-09-05,3078F,I10,professional
CLM-001529,M-000580,2024-07-04,99213,E11.9,professional
CLM-001530,M-000580,2024-10-18,99214,I10,professional
CLM-001531,M-000581,2024-01-27,80053,M54.5,professional
CLM-001532,M-000581,2024-04-18,80053,I10,professional
CLM-001533,M-000581,2024-09-21,99214,E11.9,professional
CLM-001534,M-000582,2023-04-03,99213,I11.9,professional
CLM-001535,M-000582,2024-07-21,3074F,I10,professional
CLM-001536,M-000582,2024-06-27,99214,I10,professional
CLM-001537,M-000582,2024-01-05,99213,J06.9,professional
CLM-001538,M-000582,2024-12-24,99213,M54.5,professional
CLM-001539,M-000583,2023-06-04,99213,I12.9,professional
CLM-001540,M-000583,2024-08-07,99213,I10,professional
CLM-001541,M-000584,2023-07-01,99213,I10,professional
CLM-001542,M-000584,2024-05-07,99214,I10,professional
CLM-001543,M-000584,2024-10-26,99214,M54.5,professional
CLM-001544,M-000584,2024-01-17,99214,M54.5,professional
CLM-001545,M-000586,2024-02-26,80053,M54.5,professional
CLM-001546,M-000586,2024-08-28,99213,I10,professional
CLM-001547,M-000587,2024-09-19,3078F,I10,professional
CLM-001548,M-000587,2024-07-08,99213,J06.9,professional
CLM-001549,M-000587,2024-07-23,99213,E11.9,professional
CLM-001550,M-000588,2024-11-02,3075F,I10,professional
CLM-001551,M-000588,2024-08-14,80053,E11.9,professional
CLM-001552,M-000588,2024-09-19,80053,E11.9,professional
CLM-001553,M-000589,2023-08-21,99213,I12.9,professional
CLM-001554,M-000589,2024-12-12,80053,J06.9,professional
CLM-001555,M-000589,2024-04-01,99213,E11.9,professional
CLM-001556,M-000589,2024-01-05,99214,E11.9,professional
CLM-001557,M-000590,2024-06-25,3079F,I10,professional
CLM-001558,M-000591,2023-05-04,99213,I11.9,professional
CLM-001559,M-000591,2024-11-06,99214,M54.5,professional
CLM-001560,M-000592,2024-11-06,3074F,I10,professional
CLM-001561,M-000593,2024-05-07,3074F,I10,professional
CLM-001562,M-000593,2024-12-08,99213,E11.9,professional
CLM-001563,M-000593,2024-09-24,80053,J06.9,professional
CLM-001564,M-000593,2024-04-01,80053,J06.9,professional
CLM-001565,M-000594,2024-01-23,80053,J06.9,professional
CLM-001566,M-000595,2023-04-28,99213,I12.9,professional
CLM-001567,M-000595,2024-04-09,80053,M54.5,professional
CLM-001568,M-000595,2024-08-20,99213,M54.5,professional
CLM-001569,M-000596,2024-12-19,3074F,I10,professional
CLM-001570,M-000596,2024-01-01,99214,I10,professional
CLM-001571,M-000596,2024-07-15,80053,I10,professional
CLM-001572,M-000596,2024-02-03,99214,J06.9,professional
CLM-001573,M-000597,2024-02-06,3078F,I10,professional
CLM-001574,M-000597,2024-06-16,99214,E11.9,professional
CLM-001575,M-000598,2023-01-26,99213,I10,professional
CLM-001576,M-000598,2024-10-06,80053,J06.9,professional
CLM-001577,M-000598,2024-10-16,80053,E11.9,professional
CLM-001578,M-000598,2024-04-20,80053,I10,professional
CLM-001579,M-000599,2023-06-01,99213,I11.9,professional
CLM-001580,M-000599,2024-08-07,80053,M54.5,professional
CLM-001581,M-000600,2023-10-13,99213,I10,professional
CLM-001582,M-000600,2024-08-26,99213,I10,professional
CLM-001583,M-000600,2024-07-02,99213,E11.9,professional
CLM-001584,M-000600,2024-09-21,80053,I10,professional
CLM-001585,M-000601,2024-08-26,3078F,I10,professional
CLM-001586,M-000601,2024-04-18,99213,J06.9,professional
CLM-001587,M-000602,2023-07-16,99213,I12.9,professional
CLM-001588,M-000602,2024-10-01,99213,E11.9,professional
CLM-001589,M-000602,2024-02-13,99213,E11.9,professional
CLM-001590,M-000603,2023-08-28,99213,I11.9,professional
CLM-001591,M-000603,2024-03-19,99214,E11.9,professional
CLM-001592,M-000603,2024-06-18,80053,J06.9,professional
CLM-001593,M-000603,2024-07-25,99213,J06.9,professional
CLM-001594,M-000604,2023-01-13,99213,I11.9,professional
CLM-001595,M-000604,2024-11-16,3075F,I10,professional
CLM-001596,M-000605,2023-10-23,99213,I10,professional
CLM-001597,M-000605,2024-01-04,80053,I10,professional
CLM-001598,M-000605,2024-04-09,99213,E11.9,professional
CLM-001599,M-000605,2024-05-12,99213,I10,professional
CLM-001600,M-000607,2023-07-02,99213,I10,professional
CLM-001601,M-000607,2024-06-04,99214,I10,professional
CLM-001602,M-000608,2023-03-08,99213,I11.9,professional
CLM-001603,M-000608,2024-11-13,3079F,I10,professional
CLM-001604,M-000608,2024-08-01,80053,E11.9,professional
CLM-001605,M-000608,2024-03-28,99214,E11.9,professional
CLM-001606,M-000608,2024-07-11,80053,J06.9,professional
CLM-001607,M-000609,2023-11-26,99213,I11.9,professional
CLM-001608,M-000609,2024-05-13,3075F,I10,professional
CLM-001609,M-000609,2024-10-11,99214,M54.5,professional
CLM-001610,M-000611,2023-08-07,99213,I11.9,professional
CLM-001611,M-000611,2024-03-22,99214,M54.5,professional
CLM-001612,M-000611,2024-10-06,99213,I10,professional
CLM-001613,M-000612,2023-11-24,99213,I12.9,professional
CLM-001614,M-000612,2024-12-26,80053,M54.5,professional
CLM-001615,M-000612,2024-04-12,99213,J06.9,professional
CLM-001616,M-000613,2024-10-22,3078F,I10,professional
CLM-001617,M-000614,2023-09-26,99213,I10,professional
CLM-001618,M-000614,2024-05-01,3079F,I10,professional
CLM-001619,M-000614,2024-06-28,99213,J06.9,professional
CLM-001620,M-000614,2024-03-27,99214,M54.5,professional
CLM-001621,M-000614,2024-01-10,99214,I10,professional
CLM-001622,M-000615,2023-03-10,99213,I11.9,professional
CLM-001623,M-000615,2024-01-14,3075F,I10,professional
CLM-001624,M-000615,2024-07-25,99214,E11.9,professional
CLM-001625,M-000615,2024-06-12,99213,M54.5,professional
CLM-001626,M-000615,2024-01-20,99213,I10,professional
CLM-001627,M-000616,2023-07-27,99213,I12.9,professional
CLM-001628,M-000616,2024-10-04,80053,M54.5,professional
CLM-001629,M-000617,2023-10-17,99213,I10,professional
CLM-001630,M-000618,2024-05-27,3078F,I10,professional
CLM-001631,M-000618,2024-04-10,99213,J06.9,professional
CLM-001632,M-000619,2023-04-16,99213,I11.9,professional
CLM-001633,M-000619,2024-01-12,3074F,I10,professional
CLM-001634,M-000619,2024-01-12,80053,M54.5,professional
CLM-001635,M-000619,2024-09-07,99213,J06.9,professional
CLM-001636,M-000619,2024-01-06,99214,I10,professional
CLM-001637,M-000620,2023-06-03,99213,I12.9,professional
CLM-001638,M-000620,2024-01-03,99214,E11.9,professional
CLM-001639,M-000620,2024-07-16,99214,J06.9,professional
CLM-001640,M-000620,2024-05-22,80053,I10,professional
CLM-001641,M-000621,2023-02-17,99213,I11.9,professional
CLM-001642,M-000622,2023-10-18,99213,I10,professional
CLM-001643,M-000622,2024-06-22,99214,J06.9,professional
CLM-001644,M-000623,2024-03-20,3078F,I10,professional
CLM-001645,M-000623,2024-09-03,80053,E11.9,professional
CLM-001646,M-000624,2023-11-05,99213,I10,professional
CLM-001647,M-000624,2024-05-14,99213,J06.9,professional
CLM-001648,M-000624,2024-08-20,99213,E11.9,professional
CLM-001649,M-000624,2024-11-18,80053,E11.9,professional
CLM-001650,M-000625,2023-01-18,99213,I10,professional
CLM-001651,M-000625,2024-01-25,3079F,I10,professional
CLM-001652,M-000625,2024-06-13,80053,E11.9,professional
CLM-001653,M-000625,2024-05-15,99214,J06.9,professional
CLM-001654,M-000625,2024-10-03,80053,J06.9,professional
CLM-001655,M-000626,2024-03-05,80053,J06.9,professional
CLM-001656,M-000626,2024-09-21,80053,M54.5,professional
CLM-001657,M-000627,2023-10-01,99213,I11.9,professional
CLM-001658,M-000627,2024-10-12,3079F,I10,professional
CLM-001659,M-000627,2024-10-17,99214,J06.9,professional
CLM-001660,M-000627,2024-06-26,80053,J06.9,professional
CLM-001661,M-000627,2024-01-20,99213,M54.5,professional
CLM-001662,M-000628,2024-12-22,3078F,I10,professional
CLM-001663,M-000628,2024-09-01,80053,J06.9,professional
CLM-001664,M-000629,2023-06-25,99213,I11.9,professional
CLM-001665,M-000629,2024-08-18,3075F,I10,professional
CLM-001666,M-000630,2024-01-02,99214,E11.9,professional
CLM-001667,M-000631,2023-06-21,99213,I11.9,professional
CLM-001668,M-000631,2024-10-07,3078F,I10,professional
CLM-001669,M-000631,2024-05-06,99214,I10,professional
CLM-001670,M-000632,2023-02-14,99213,I11.9,professional
CLM-001671,M-000632,2024-06-24,3074F,I10,professional
CLM-001672,M-000632,2024-11-28,80053,J06.9,professional
CLM-001673,M-000633,2023-06-09,99213,I12.9,professional
CLM-001674,M-000634,2023-06-09,99213,I12.9,professional
CLM-001675,M-000634,2024-02-17,3079F,I10,professional
CLM-001676,M-000634,2024-08-16,99213,J06.9,professional
CLM-001677,M-000635,2023-07-12,99213,I10,professional
CLM-001678,M-000635,2024-02-03,3079F,I10,professional
CLM-001679,M-000635,2024-02-13,80053,E11.9,professional
CLM-001680,M-000635,2024-03-17,99213,M54.5,professional
CLM-001681,M-000636,2023-10-20,99213,I10,professional
CLM-001682,M-000636,2024-09-26,99213,J06.9,professional
CLM-001683,M-000636,2024-08-17,99214,J06.9,professional
CLM-001684,M-000636,2024-02-01,99214,J06.9,professional
CLM-001685,M-000637,2024-07-11,99214,J06.9,professional
CLM-001686,M-000638,2023-11-11,99213,I11.9,professional
CLM-001687,M-000638,2024-07-25,99213,M54.5,professional
CLM-001688,M-000638,2024-03-04,99213,E11.9,professional
CLM-001689,M-000639,2023-12-06,99213,I11.9,professional
CLM-001690,M-000640,2023-04-19,99213,I10,professional
CLM-001691,M-000640,2024-12-25,3079F,I10,professional
CLM-001692,M-000640,2024-12-09,80053,E11.9,professional
CLM-001693,M-000640,2024-04-08,99214,E11.9,professional
CLM-001694,M-000641,2024-12-10,3078F,I10,professional
CLM-001695,M-000641,2024-12-23,99214,I10,professional
CLM-001696,M-000641,2024-04-04,99214,E11.9,professional
CLM-001697,M-000641,2024-01-27,99213,J06.9,professional
CLM-001698,M-000642,2023-10-22,99213,I11.9,professional
CLM-001699,M-000642,2024-06-19,80053,E11.9,professional
CLM-001700,M-000642,2024-11-26,80053,I10,professional
CLM-001701,M-000643,2024-01-13,80053,J06.9,professional
CLM-001702,M-000643,2024-11-24,80053,M54.5,professional
CLM-001703,M-000643,2024-12-11,80053,I10,professional
CLM-001704,M-000644,2024-05-05,99214,J06.9,professional
CLM-001705,M-000644,2024-02-28,99213,I10,professional
CLM-001706,M-000644,2024-09-13,80053,J06.9,professional
CLM-001707,M-000645,2023-01-10,99213,I12.9,professional
CLM-001708,M-000645,2024-05-26,3074F,I10,professional
CLM-001709,M-000645,2024-11-04,99213,I10,professional
CLM-001710,M-000645,2024-04-12,99213,E11.9,professional
CLM-001711,M-000646,2023-08-22,99213,I11.9,professional
CLM-001712,M-000646,2024-02-03,99214,I10,professional
CLM-001713,M-000646,2024-07-04,99214,I10,professional
CLM-001714,M-000647,2023-01-21,99213,I11.9,professional
CLM-001715,M-000648,2023-08-08,99213,I11.9,professional
CLM-001716,M-000648,2024-07-06,99213,M54.5,professional
CLM-001717,M-000648,2024-06-13,80053,J06.9,professional
CLM-001718,M-000648,2024-03-24,99214,J06.9,professional
CLM-001719,M-000649,2023-06-07,99213,I10,professional
CLM-001720,M-000649,2024-09-23,3078F,I10,professional
CLM-001721,M-000649,2024-03-14,99213,J06.9,professional
CLM-001722,M-000649,2024-12-27,99213,M54.5,professional
CLM-001723,M-000649,2024-09-12,99213,I10,professional
CLM-001724,M-000650,2023-08-25,99213,I10,professional
CLM-001725,M-000650,2024-04-18,99214,M54.5,professional
CLM-001726,M-000650,2024-02-27,99214,I10,professional
CLM-001727,M-000650,2024-11-18,99213,J06.9,professional
CLM-001728,M-000651,2023-03-23,99213,I10,professional
CLM-001729,M-000652,2023-12-04,99213,I10,professional
CLM-001730,M-000652,2024-04-15,99214,I10,professional
CLM-001731,M-000652,2024-02-09,99214,I10,professional
CLM-001732,M-000652,2024-11-27,80053,J06.9,professional
CLM-001733,M-000653,2024-02-09,99213,M54.5,professional
CLM-001734,M-000653,2024-07-22,99214,M54.5,professional
CLM-001735,M-000653,2024-03-13,80053,I10,professional
CLM-001736,M-000654,2023-02-28,99213,I12.9,professional
CLM-001737,M-000654,2024-05-15,99214,E11.9,professional
CLM-001738,M-000654,2024-10-22,80053,J06.9,professional
CLM-001739,M-000655,2024-08-01,3074F,I10,professional
CLM-001740,M-000655,2024-06-06,80053,J06.9,professional
CLM-001741,M-000655,2024-12-14,80053,M54.5,professional
CLM-001742,M-000655,2024-05-20,99214,M54.5,professional
CLM-001743,M-000656,2023-02-03,99213,I12.9,professional
CLM-001744,M-000657,2023-04-21,99213,I11.9,professional
CLM-001745,M-000657,2024-10-08,80053,J06.9,professional
CLM-001746,M-000658,2024-04-03,80053,I10,professional
CLM-001747,M-000658,2024-12-01,99214,E11.9,professional
CLM-001748,M-000659,2023-11-11,99213,I11.9,professional
CLM-001749,M-000659,2024-04-17,3075F,I10,professional
CLM-001750,M-000659,2024-10-10,99213,J06.9,professional
CLM-001751,M-000660,2023-10-21,99213,I10,professional
CLM-001752,M-000661,2023-02-16,99213,I10,professional
CLM-001753,M-000661,2024-05-19,3074F,I10,professional
CLM-001754,M-000661,2024-05-11,99213,M54.5,professional
CLM-001755,M-000662,2023-01-25,99213,I10,professional
CLM-001756,M-000662,2024-02-01,99214,J06.9,professional
CLM-001757,M-000662,2024-09-07,80053,I10,professional
CLM-001758,M-000663,2023-11-11,99213,I11.9,professional
CLM-001759,M-000664,2024-08-27,99213,J06.9,professional
CLM-001760,M-000664,2024-02-22,99214,M54.5,professional
CLM-001761,M-000665,2024-07-01,99213,I10,professional
CLM-001762,M-000665,2024-03-19,80053,M54.5,professional
CLM-001763,M-000666,2023-06-03,99213,I11.9,professional
CLM-001764,M-000666,2024-08-27,99213,J06.9,professional
CLM-001765,M-000666,2024-12-09,99214,J06.9,professional
CLM-001766,M-000666,2024-12-16,80053,J06.9,professional
CLM-001767,M-000667,2023-03-21,99213,I11.9,professional
CLM-001768,M-000667,2024-10-25,3075F,I10,professional
CLM-001769,M-000668,2023-02-09,99213,I12.9,professional
CLM-001770,M-000668,2024-08-10,80053,E11.9,professional
CLM-001771,M-000669,2024-10-26,3078F,I10,professional
CLM-001772,M-000669,2024-08-10,80053,M54.5,professional
CLM-001773,M-000669,2024-09-16,80053,J06.9,professional
CLM-001774,M-000669,2024-03-13,99213,M54.5,professional
CLM-001775,M-000670,2023-11-15,99213,I12.9,professional
CLM-001776,M-000670,2024-01-15,99214,M54.5,professional
CLM-001777,M-000670,2024-08-25,99213,J06.9,professional
CLM-001778,M-000670,2024-01-16,80053,J06.9,professional
CLM-001779,M-000671,2023-07-14,99213,I12.9,professional
CLM-001780,M-000671,2024-11-11,99213,J06.9,professional
CLM-001781,M-000673,2024-11-03,80053,I10,professional
CLM-001782,M-000673,2024-07-03,99213,J06.9,professional
CLM-001783,M-000673,2024-05-25,99213,I10,professional
CLM-001784,M-000674,2024-10-05,99214,J06.9,professional
CLM-001785,M-000674,2024-02-11,80053,I10,professional
CLM-001786,M-000674,2024-08-22,99214,J06.9,professional
CLM-001787,M-000675,2024-02-22,99213,E11.9,professional
CLM-001788,M-000675,2024-06-08,99213,M54.5,professional
CLM-001789,M-000675,2024-10-27,80053,M54.5,professional
CLM-001790,M-000676,2023-11-08,99213,I11.9,professional
CLM-001791,M-000676,2024-01-14,3075F,I10,professional
CLM-001792,M-000676,2024-12-28,99213,I10,professional
CLM-001793,M-000676,2024-08-17,80053,E11.9,professional
CLM-001794,M-000676,2024-09-23,99213,E11.9,professional
CLM-001795,M-000677,2023-09-26,99213,I10,professional
CLM-001796,M-000677,2024-04-13,3075F,I10,professional
CLM-001797,M-000677,2024-02-01,99213,M54.5,professional
CLM-001798,M-000677,2024-08-02,99213,I10,professional
CLM-001799,M-000677,2024-12-02,99213,I10,professional
CLM-001800,M-000678,2023-08-22,99213,I12.9,professional
CLM-001801,M-000678,2024-11-17,99214,I10,professional
CLM-001802,M-000678,2024-11-08,99213,I10,professional
CLM-001803,M-000678,2024-07-05,99213,J06.9,professional
CLM-001804,M-000679,2024-10-06,80053,I10,professional
CLM-001805,M-000680,2024-05-01,99213,I10,professional
CLM-001806,M-000680,2024-10-28,80053,I10,professional
CLM-001807,M-000680,2024-11-07,99213,M54.5,professional
CLM-001808,M-000681,2024-10-23,99214,M54.5,professional
CLM-001809,M-000681,2024-07-07,80053,M54.5,professional
CLM-001810,M-000682,2024-03-05,3074F,I10,professional
CLM-001811,M-000682,2024-09-23,80053,I10,professional
CLM-001812,M-000683,2023-09-04,99213,I12.9,professional
CLM-001813,M-000683,2024-12-09,99213,M54.5,professional
CLM-001814,M-000683,2024-06-28,99214,M54.5,professional
CLM-001815,M-000683,2024-01-08,99214,J06.9,professional
CLM-001816,M-000684,2023-03-26,99213,I12.9,professional
CLM-001817,M-000685,2023-12-01,99213,I10,professional
CLM-001818,M-000686,2024-10-13,99214,M54.5,professional
CLM-001819,M-000686,2024-12-02,99214,M54.5,professional
CLM-001820,M-000687,2023-08-14,99213,I10,professional
CLM-001821,M-000687,2024-01-16,3075F,I10,professional
CLM-001822,M-000687,2024-04-27,99214,E11.9,professional
CLM-001823,M-000687,2024-03-19,80053,I10,professional
CLM-001824,M-000688,2023-02-06,99213,I11.9,professional
CLM-001825,M-000688,2024-03-16,3079F,I10,professional
CLM-001826,M-000688,2024-01-02,99213,I10,professional
CLM-001827,M-000688,2024-04-05,99214,J06.9,professional
CLM-001828,M-000688,2024-11-16,99213,E11.9,professional
CLM-001829,M-000689,2024-08-16,80053,E11.9,professional
CLM-001830,M-000689,2024-08-21,99214,M54.5,professional
CLM-001831,M-000689,2024-06-25,99213,J06.9,professional
CLM-001832,M-000690,2023-06-06,99213,I11.9,professional
CLM-001833,M-000690,2024-12-03,99214,J06.9,professional
CLM-001834,M-000691,2023-03-07,99213,I11.9,professional
CLM-001835,M-000691,2024-04-20,3079F,I10,professional
CLM-001836,M-000691,2024-12-02,99214,E11.9,professional
CLM-001837,M-000692,2023-03-19,99213,I10,professional
CLM-001838,M-000692,2024-08-22,99214,M54.5,professional
CLM-001839,M-000692,2024-09-06,99213,E11.9,professional
CLM-001840,M-000693,2023-10-03,99213,I11.9,professional
CLM-001841,M-000693,2024-10-22,3075F,I10,professional
CLM-001842,M-000693,2024-05-14,99213,M54.5,professional
CLM-001843,M-000693,2024-03-04,99213,J06.9,professional
CLM-001844,M-000693,2024-01-15,99213,I10,professional
CLM-001845,M-000694,2023-08-27,99213,I10,professional
CLM-001846,M-000694,2024-05-15,3075F,I10,professional
CLM-001847,M-000695,2024-08-16,3079F,I10,professional
CLM-001848,M-000695,2024-03-19,99214,J06.9,professional
CLM-001849,M-000695,2024-04-12,80053,E11.9,professional
CLM-001850,M-000695,2024-07-08,80053,M54.5,professional
CLM-001851,M-000696,2023-08-23,99213,I12.9,professional
CLM-001852,M-000696,2024-01-11,99214,J06.9,professional
CLM-001853,M-000697,2023-04-03,99213,I12.9,professional
CLM-001854,M-000697,2024-07-23,99213,E11.9,professional
CLM-001855,M-000698,2023-05-22,99213,I11.9,professional
CLM-001856,M-000698,2024-06-09,3074F,I10,professional
CLM-001857,M-000699,2023-09-11,99213,I10,professional
CLM-001858,M-000699,2024-12-28,80053,M54.5,professional
CLM-001859,M-000699,2024-04-15,99214,J06.9,professional
CLM-001860,M-000699,2024-06-15,99214,M54.5,professional
CLM-001861,M-000700,2024-07-25,99214,E11.9,professional
CLM-001862,M-000701,2023-09-11,99213,I10,professional
CLM-001863,M-000701,2024-08-21,3078F,I10,professional
CLM-001864,M-000701,2024-05-27,99214,M54.5,professional
CLM-001865,M-000702,2023-02-24,99213,I11.9,professional
CLM-001866,M-000702,2024-05-13,99214,I10,professional
CLM-001867,M-000702,2024-07-26,99213,J06.9,professional
CLM-001868,M-000703,2023-02-14,99213,I11.9,professional
CLM-001869,M-000703,2024-05-21,99213,J06.9,professional
CLM-001870,M-000703,2024-01-27,99213,M54.5,professional
CLM-001871,M-000704,2023-02-20,99213,I12.9,professional
CLM-001872,M-000704,2024-07-17,3075F,I10,professional
CLM-001873,M-000704,2024-02-23,99213,J06.9,professional
CLM-001874,M-000704,2024-03-19,99213,E11.9,professional
CLM-001875,M-000704,2024-11-14,99214,J06.9,professional
CLM-001876,M-000705,2023-10-28,99213,I11.9,professional
CLM-001877,M-000706,2024-04-13,3075F,I10,professional
CLM-001878,M-000706,2024-04-18,99213,J06.9,professional
CLM-001879,M-000707,2023-06-05,99213,I10,professional
CLM-001880,M-000708,2023-11-26,99213,I11.9,professional
CLM-001881,M-000708,2024-10-20,80053,I10,professional
CLM-001882,M-000708,2024-09-20,99213,E11.9,professional
CLM-001883,M-000708,2024-08-19,80053,M54.5,professional
CLM-001884,M-000709,2024-10-05,99214,E11.9,professional
CLM-001885,M-000710,2023-11-14,99213,I10,professional
CLM-001886,M-000710,2024-06-20,80053,M54.5,professional
CLM-001887,M-000710,2024-06-19,80053,I10,professional
CLM-001888,M-000710,2024-07-22,99213,I10,professional
CLM-001889,M-000711,2023-10-19,99213,I11.9,professional
CLM-001890,M-000711,2024-04-26,3079F,I10,professional
CLM-001891,M-000711,2024-08-01,99213,I10,professional
CLM-001892,M-000712,2023-07-02,99213,I12.9,professional
CLM-001893,M-000712,2024-01-11,3079F,I10,professional
CLM-001894,M-000712,2024-06-25,99214,I10,professional
CLM-001895,M-000712,2024-09-16,99213,E11.9,professional
CLM-001896,M-000713,2023-03-27,99213,I12.9,professional
CLM-001897,M-000713,2024-05-17,99214,J06.9,professional
CLM-001898,M-000713,2024-03-19,99214,I10,professional
CLM-001899,M-000713,2024-04-11,99214,M54.5,professional
CLM-001900,M-000714,2024-04-05,3078F,I10,professional
CLM-001901,M-000714,2024-12-22,80053,E11.9,professional
CLM-001902,M-000714,2024-07-27,99214,J06.9,professional
CLM-001903,M-000715,2023-02-20,99213,I10,professional
CLM-001904,M-000715,2024-09-02,3078F,I10,professional
CLM-001905,M-000716,2023-03-20,99213,I12.9,professional
CLM-001906,M-000716,2024-04-08,80053,M54.5,professional
CLM-001907,M-000716,2024-01-03,99214,I10,professional
CLM-001908,M-000717,2023-02-05,99213,I11.9,professional
CLM-001909,M-000717,2024-06-22,99213,J06.9,professional
CLM-001910,M-000717,2024-08-12,99214,M54.5,professional
CLM-001911,M-000717,2024-05-10,99213,I10,professional
CLM-001912,M-000718,2023-04-11,99213,I11.9,professional
CLM-001913,M-000718,2024-04-06,3075F,I10,professional
CLM-001914,M-000718,2024-04-06,99214,I10,professional
CLM-001915,M-000718,2024-03-13,80053,I10,professional
CLM-001916,M-000718,2024-03-27,99213,J06.9,professional
CLM-001917,M-000719,2023-10-22,99213,I10,professional
CLM-001918,M-000719,2024-12-16,99214,I10,professional
CLM-001919,M-000719,2024-06-16,99214,E11.9,professional
CLM-001920,M-000720,2023-09-19,99213,I11.9,professional
CLM-001921,M-000720,2024-09-20,80053,M54.5,professional
CLM-001922,M-000721,2023-05-25,99213,I12.9,professional
CLM-001923,M-000721,2024-03-15,3075F,I10,professional
CLM-001924,M-000722,2023-11-07,99213,I12.9,professional
CLM-001925,M-000722,2024-02-28,80053,E11.9,professional
CLM-001926,M-000722,2024-11-03,80053,I10,professional
CLM-001927,M-000723,2023-07-03,99213,I12.9,professional
CLM-001928,M-000723,2024-12-17,3079F,I10,professional
CLM-001929,M-000723,2024-02-16,99214,E11.9,professional
CLM-001930,M-000723,2024-07-11,99213,E11.9,professional
CLM-001931,M-000723,2024-07-09,80053,J06.9,professional
CLM-001932,M-000724,2023-09-07,99213,I10,professional
CLM-001933,M-000724,2024-08-23,3078F,I10,professional
CLM-001934,M-000724,2024-04-25,80053,E11.9,professional
CLM-001935,M-000724,2024-07-21,99214,I10,professional
CLM-001936,M-000724,2024-04-20,99213,J06.9,professional
CLM-001937,M-000725,2023-06-20,99213,I11.9,professional
CLM-001938,M-000725,2024-01-16,99213,M54.5,professional
CLM-001939,M-000726,2023-08-10,99213,I11.9,professional
CLM-001940,M-000726,2024-04-11,3075F,I10,professional
CLM-001941,M-000726,2024-11-02,99213,I10,professional
CLM-001942,M-000727,2023-06-06,99213,I11.9,professional
CLM-001943,M-000727,2024-10-26,99213,I10,professional
CLM-001944,M-000728,2023-06-18,99213,I11.9,professional
CLM-001945,M-000728,2024-04-10,3079F,I10,professional
CLM-001946,M-000729,2024-01-10,3074F,I10,professional
CLM-001947,M-000729,2024-11-06,99214,J06.9,professional
CLM-001948,M-000730,2024-09-24,99214,I10,professional
CLM-001949,M-000730,2024-09-15,99214,J06.9,professional
CLM-001950,M-000730,2024-10-14,99214,I10,professional
CLM-001951,M-000731,2023-06-08,99213,I10,professional
CLM-001952,M-000731,2024-11-17,80053,M54.5,professional
CLM-001953,M-000731,2024-04-21,99213,J06.9,professional
CLM-001954,M-000731,2024-04-17,80053,E11.9,professional
CLM-001955,M-000732,2023-06-08,99213,I11.9,professional
CLM-001956,M-000732,2024-03-21,3078F,I10,professional
CLM-001957,M-000733,2023-01-28,99213,I11.9,professional
CLM-001958,M-000733,2024-04-06,80053,I10,professional
CLM-001959,M-000733,2024-11-08,80053,J06.9,professional
CLM-001960,M-000733,2024-01-12,80053,J06.9,professional
CLM-001961,M-000734,2023-01-22,99213,I10,professional
CLM-001962,M-000734,2024-07-13,80053,I10,professional
CLM-001963,M-000735,2023-05-17,99213,I11.9,professional
CLM-001964,M-000735,2024-02-19,99213,I10,professional
CLM-001965,M-000735,2024-05-16,80053,M54.5,professional
CLM-001966,M-000735,2024-01-02,80053,E11.9,professional
CLM-001967,M-000736,2024-12-18,99214,M54.5,professional
CLM-001968,M-000736,2024-07-03,80053,J06.9,professional
CLM-001969,M-000736,2024-05-04,99213,E11.9,professional
CLM-001970,M-000737,2023-07-22,99213,I10,professional
CLM-001971,M-000737,2024-07-10,80053,M54.5,professional
CLM-001972,M-000737,2024-11-14,80053,M54.5,professional
CLM-001973,M-000738,2023-04-10,99213,I10,professional
CLM-001974,M-000738,2024-08-17,99214,M54.5,professional
CLM-001975,M-000738,2024-05-03,80053,I10,professional
CLM-001976,M-000739,2024-09-04,80053,M54.5,professional
CLM-001977,M-000739,2024-01-11,99214,M54.5,professional
CLM-001978,M-000739,2024-08-12,80053,I10,professional
CLM-001979,M-000740,2023-03-15,99213,I11.9,professional
CLM-001980,M-000741,2023-04-20,99213,I11.9,professional
CLM-001981,M-000741,2024-10-21,3075F,I10,professional
CLM-001982,M-000741,2024-10-08,99214,I10,professional
CLM-001983,M-000742,2023-03-08,99213,I11.9,professional
CLM-001984,M-000743,2024-06-14,3075F,I10,professional
CLM-001985,M-000744,2024-01-22,99213,M54.5,professional
CLM-001986,M-000744,2024-03-10,80053,J06.9,professional
CLM-001987,M-000744,2024-12-24,99213,I10,professional
CLM-001988,M-000745,2024-04-21,3079F,I10,professional
CLM-001989,M-000745,2024-09-03,99214,J06.9,professional
CLM-001990,M-000745,2024-07-20,80053,I10,professional
CLM-001991,M-000745,2024-04-18,80053,M54.5,professional
CLM-001992,M-000746,2023-09-08,99213,I10,professional
CLM-001993,M-000746,2024-03-02,99214,I10,professional
CLM-001994,M-000746,2024-09-01,99213,E11.9,professional
CLM-001995,M-000747,2024-02-27,99213,M54.5,professional
CLM-001996,M-000748,2023-12-08,99213,I11.9,professional
CLM-001997,M-000748,2024-02-03,80053,M54.5,professional
CLM-001998,M-000748,2024-03-09,99213,I10,professional
CLM-001999,M-000748,2024-02-14,99213,J06.9,professional
CLM-002000,M-000749,2024-09-11,3075F,I10,professional
CLM-002001,M-000750,2023-11-04,99213,I10,professional
CLM-002002,M-000750,2024-04-28,3075F,I10,professional
CLM-002003,M-000750,2024-09-10,80053,J06.9,professional
CLM-002004,M-000750,2024-07-03,99213,I10,professional
CLM-002005,M-000750,2024-11-13,99213,E11.9,professional
CLM-002006,M-000751,2023-02-11,99213,I11.9,professional
CLM-002007,M-000752,2024-02-02,3075F,I10,professional
CLM-002008,M-000753,2023-05-28,99213,I11.9,professional
CLM-002009,M-000753,2024-10-28,3075F,I10,professional
CLM-002010,M-000754,2023-10-18,99213,I12.9,professional
CLM-002011,M-000754,2024-01-10,99213,E11.9,professional
CLM-002012,M-000754,2024-07-15,80053,E11.9,professional
CLM-002013,M-000755,2023-08-21,99213,I10,professional
CLM-002014,M-000755,2024-12-01,99213,M54.5,professional
CLM-002015,M-000755,2024-05-15,99213,M54.5,professional
CLM-002016,M-000755,2024-12-09,80053,M54.5,professional
CLM-002017,M-000756,2023-05-25,99213,I11.9,professional
CLM-002018,M-000756,2024-01-13,99213,E11.9,professional
CLM-002019,M-000756,2024-12-05,80053,M54.5,professional
CLM-002020,M-000757,2023-11-06,99213,I10,professional
CLM-002021,M-000757,2024-02-11,80053,E11.9,professional
CLM-002022,M-000757,2024-01-25,99214,E11.9,professional
CLM-002023,M-000757,2024-06-11,99214,E11.9,professional
CLM-002024,M-000758,2023-02-16,99213,I11.9,professional
CLM-002025,M-000758,2024-11-22,3079F,I10,professional
CLM-002026,M-000759,2023-06-09,99213,I12.9,professional
CLM-002027,M-000759,2024-07-03,80053,M54.5,professional
CLM-002028,M-000759,2024-10-12,99213,M54.5,professional
CLM-002029,M-000759,2024-12-13,99214,I10,professional
CLM-002030,M-000760,2023-11-11,99213,I12.9,professional
CLM-002031,M-000760,2024-09-20,80053,E11.9,professional
CLM-002032,M-000760,2024-05-08,99214,J06.9,professional
CLM-002033,M-000760,2024-07-13,80053,M54.5,professional
CLM-002034,M-000761,2023-03-20,99213,I12.9,professional
CLM-002035,M-000761,2024-06-11,99213,J06.9,professional
CLM-002036,M-000761,2024-01-06,99214,I10,professional
CLM-002037,M-000761,2024-09-05,99213,M54.5,professional
CLM-002038,M-000762,2023-03-19,99213,I11.9,professional
CLM-002039,M-000762,2024-02-18,3074F,I10,professional
CLM-002040,M-000762,2024-08-09,99214,M54.5,professional
CLM-002041,M-000762,2024-08-16,99213,E11.9,professional
CLM-002042,M-000762,2024-02-28,99214,J06.9,professional
CLM-002043,M-000763,2024-03-08,3075F,I10,professional
CLM-002044,M-000764,2023-06-20,99213,I12.9,professional
CLM-002045,M-000764,2024-08-16,99214,M54.5,professional
CLM-002046,M-000765,2023-05-12,99213,I12.9,professional
CLM-002047,M-000766,2023-09-03,99213,I12.9,professional
CLM-002048,M-000766,2024-09-11,3075F,I10,professional
CLM-002049,M-000766,2024-12-03,99214,M54.5,professional
CLM-002050,M-000767,2023-09-28,99213,I12.9,professional
CLM-002051,M-000768,2023-03-19,99213,I10,professional
CLM-002052,M-000768,2024-10-19,99214,M54.5,professional
CLM-002053,M-000768,2024-12-04,99213,I10,professional
CLM-002054,M-000771,2024-10-24,80053,I10,professional
CLM-002055,M-000771,2024-12-07,80053,I10,professional
CLM-002056,M-000772,2023-04-02,99213,I10,professional
CLM-002057,M-000772,2024-08-23,3074F,I10,professional
CLM-002058,M-000772,2024-11-19,99214,M54.5,professional
CLM-002059,M-000773,2023-12-09,99213,I11.9,professional
CLM-002060,M-000773,2024-11-22,3075F,I10,professional
CLM-002061,M-000773,2024-03-23,99213,M54.5,professional
CLM-002062,M-000774,2023-01-19,99213,I11.9,professional
CLM-002063,M-000774,2024-09-13,3075F,I10,professional
CLM-002064,M-000775,2024-04-20,99213,J06.9,professional
CLM-002065,M-000776,2023-08-11,99213,I11.9,professional
CLM-002066,M-000776,2024-05-25,99214,I10,professional
CLM-002067,M-000776,2024-12-25,99214,J06.9,professional
CLM-002068,M-000777,2023-03-18,99213,I10,professional
CLM-002069,M-000777,2024-07-01,99214,M54.5,professional
CLM-002070,M-000778,2024-10-04,3078F,I10,professional
CLM-002071,M-000779,2023-09-15,99213,I10,professional
CLM-002072,M-000779,2024-12-02,3075F,I10,professional
CLM-002073,M-000779,2024-11-05,99214,M54.5,professional
CLM-002074,M-000780,2023-11-26,99213,I12.9,professional
CLM-002075,M-000780,2024-04-15,3075F,I10,professional
CLM-002076,M-000780,2024-01-05,99214,J06.9,professional
CLM-002077,M-000780,2024-12-22,99214,M54.5,professional
CLM-002078,M-000780,2024-05-11,99214,J06.9,professional
CLM-002079,M-000781,2023-03-18,99213,I11.9,professional
CLM-002080,M-000781,2024-09-07,99213,J06.9,professional
CLM-002081,M-000781,2024-09-18,80053,E11.9,professional
CLM-002082,M-000782,2023-11-15,99213,I10,professional
CLM-002083,M-000782,2024-01-07,80053,M54.5,professional
CLM-002084,M-000782,2024-04-09,99213,J06.9,professional
CLM-002085,M-000782,2024-03-24,99213,J06.9,professional
CLM-002086,M-000783,2023-03-19,99213,I12.9,professional
CLM-002087,M-000783,2024-05-25,3074F,I10,professional
CLM-002088,M-000783,2024-04-19,99214,M54.5,professional
CLM-002089,M-000783,2024-02-03,80053,M54.5,professional
CLM-002090,M-000784,2023-09-27,99213,I10,professional
CLM-002091,M-000784,2024-06-07,99213,E11.9,professional
CLM-002092,M-000785,2023-07-15,99213,I10,professional
CLM-002093,M-000785,2024-01-03,99213,I10,professional
CLM-002094,M-000785,2024-09-09,99214,I10,professional
CLM-002095,M-000786,2024-04-20,3079F,I10,professional
CLM-002096,M-000786,2024-02-07,99213,M54.5,professional
CLM-002097,M-000787,2023-03-21,99213,I11.9,professional
CLM-002098,M-000787,2024-05-21,80053,J06.9,professional
CLM-002099,M-000787,2024-11-27,99214,M54.5,professional
CLM-002100,M-000787,2024-06-25,80053,M54.5,professional
CLM-002101,M-000788,2023-10-09,99213,I11.9,professional
CLM-002102,M-000789,2023-02-14,99213,I12.9,professional
CLM-002103,M-000789,2024-07-05,99214,J06.9,professional
CLM-002104,M-000790,2024-02-08,99213,M54.5,professional
CLM-002105,M-000790,2024-09-14,99213,M54.5,professional
CLM-002106,M-000790,2024-12-25,99214,I10,professional
CLM-002107,M-000791,2024-08-26,3074F,I10,professional
CLM-002108,M-000792,2024-08-04,3075F,I10,professional
CLM-002109,M-000792,2024-10-26,99213,J06.9,professional
CLM-002110,M-000792,2024-11-14,99214,J06.9,professional
CLM-002111,M-000793,2023-10-27,99213,I10,professional
CLM-002112,M-000793,2024-12-09,99214,I10,professional
CLM-002113,M-000793,2024-02-11,80053,E11.9,professional
CLM-002114,M-000794,2023-11-01,99213,I10,professional
CLM-002115,M-000794,2024-06-08,3079F,I10,professional
CLM-002116,M-000794,2024-03-09,99213,M54.5,professional
CLM-002117,M-000794,2024-09-24,80053,E11.9,professional
CLM-002118,M-000795,2023-12-05,99213,I11.9,professional
CLM-002119,M-000796,2023-06-02,99213,I12.9,professional
CLM-002120,M-000796,2024-10-27,3079F,I10,professional
CLM-002121,M-000797,2023-08-18,99213,I10,professional
CLM-002122,M-000797,2024-11-16,99214,E11.9,professional
CLM-002123,M-000797,2024-02-22,99214,J06.9,professional
CLM-002124,M-000797,2024-11-13,99214,I10,professional
CLM-002125,M-000798,2023-01-17,99213,I12.9,professional
CLM-002126,M-000798,2024-04-27,3078F,I10,professional
CLM-002127,M-000799,2023-07-20,99213,I11.9,professional
CLM-002128,M-000799,2024-02-14,99214,M54.5,professional
CLM-002129,M-000799,2024-02-01,99214,I10,professional
CLM-002130,M-000799,2024-11-11,99214,E11.9,professional
CLM-002131,M-000800,2023-10-01,99213,I12.9,professional
CLM-002132,M-000800,2024-09-18,3079F,I10,professional
CLM-002133,M-000800,2024-04-06,99213,M54.5,professional
CLM-002134,M-000800,2024-11-15,80053,I10,professional
CLM-002135,M-000801,2024-03-24,80053,E11.9,professional
CLM-002136,M-000801,2024-03-14,99214,E11.9,professional
CLM-002137,M-000802,2023-08-09,99213,I11.9,professional
CLM-002138,M-000802,2024-04-04,3074F,I10,professional
CLM-002139,M-000802,2024-06-10,99214,M54.5,professional
CLM-002140,M-000802,2024-10-09,80053,E11.9,professional
CLM-002141,M-000803,2024-10-14,3078F,I10,professional
CLM-002142,M-000803,2024-07-27,80053,I10,professional
CLM-002143,M-000804,2023-01-18,99213,I11.9,professional
CLM-002144,M-000804,2024-05-24,80053,J06.9,professional
CLM-002145,M-000804,2024-06-04,99213,E11.9,professional
CLM-002146,M-000804,2024-05-25,99214,M54.5,professional
CLM-002147,M-000805,2024-01-12,99213,I10,professional
CLM-002148,M-000805,2024-05-13,80053,I10,professional
CLM-002149,M-000805,2024-08-20,80053,E11.9,professional
CLM-002150,M-000806,2023-06-03,99213,I11.9,professional
CLM-002151,M-000806,2024-02-02,99213,J06.9,professional
CLM-002152,M-000806,2024-09-23,99213,J06.9,professional
CLM-002153,M-000806,2024-03-14,99214,M54.5,professional
CLM-002154,M-000807,2023-07-17,99213,I11.9,professional
CLM-002155,M-000807,2024-08-19,3078F,I10,professional
CLM-002156,M-000808,2023-07-11,99213,I11.9,professional
CLM-002157,M-000808,2024-06-12,3074F,I10,professional
CLM-002158,M-000808,2024-01-20,99213,M54.5,professional
CLM-002159,M-000808,2024-04-14,99213,J06.9,professional
CLM-002160,M-000809,2023-10-05,99213,I10,professional
CLM-002161,M-000809,2024-08-06,3078F,I10,professional
CLM-002162,M-000809,2024-08-28,80053,E11.9,professional
CLM-002163,M-000810,2023-06-22,99213,I12.9,professional
CLM-002164,M-000810,2024-02-11,3074F,I10,professional
CLM-002165,M-000810,2024-01-23,99213,I10,professional
CLM-002166,M-000811,2023-05-16,99213,I11.9,professional
CLM-002167,M-000811,2024-12-13,99213,M54.5,professional
CLM-002168,M-000812,2024-08-16,80053,I10,professional
CLM-002169,M-000813,2023-09-22,99213,I12.9,professional
CLM-002170,M-000814,2023-12-12,99213,I11.9,professional
CLM-002171,M-000814,2024-05-21,99213,I10,professional
CLM-002172,M-000814,2024-02-24,99213,J06.9,professional
CLM-002173,M-000815,2024-08-08,3074F,I10,professional
CLM-002174,M-000816,2023-07-09,99213,I10,professional
CLM-002175,M-000816,2024-06-01,99214,I10,professional
CLM-002176,M-000816,2024-10-04,80053,M54.5,professional
CLM-002177,M-000817,2023-11-21,99213,I10,professional
CLM-002178,M-000817,2024-04-06,3079F,I10,professional
CLM-002179,M-000817,2024-07-13,99213,J06.9,professional
CLM-002180,M-000818,2024-04-03,99214,I10,professional
CLM-002181,M-000818,2024-09-17,80053,I10,professional
CLM-002182,M-000818,2024-12-10,99213,M54.5,professional
CLM-002183,M-000819,2023-07-13,99213,I11.9,professional
CLM-002184,M-000820,2023-03-23,99213,I10,professional
CLM-002185,M-000820,2024-04-23,3078F,I10,professional
CLM-002186,M-000820,2024-03-08,99214,E11.9,professional
CLM-002187,M-000821,2023-08-23,99213,I10,professional
CLM-002188,M-000821,2024-01-11,80053,M54.5,professional
CLM-002189,M-000822,2023-07-19,99213,I12.9,professional
CLM-002190,M-000822,2024-09-01,3075F,I10,professional
CLM-002191,M-000822,2024-12-02,80053,M54.5,professional
CLM-002192,M-000822,2024-07-03,99213,J06.9,professional
CLM-002193,M-000823,2023-08-19,99213,I12.9,professional
CLM-002194,M-000823,2024-12-19,3075F,I10,professional
CLM-002195,M-000824,2023-07-24,99213,I10,professional
CLM-002196,M-000824,2024-08-26,99214,E11.9,professional
CLM-002197,M-000824,2024-02-14,80053,I10,professional
CLM-002198,M-000824,2024-07-10,99214,M54.5,professional
CLM-002199,M-000825,2023-03-19,99213,I10,professional
CLM-002200,M-000826,2024-05-03,99214,M54.5,professional
CLM-002201,M-000826,2024-08-22,99213,J06.9,professional
CLM-002202,M-000826,2024-09-13,80053,M54.5,professional
CLM-002203,M-000827,2023-04-16,99213,I10,professional
CLM-002204,M-000827,2024-12-10,99213,J06.9,professional
CLM-002205,M-000827,2024-08-22,99214,E11.9,professional
CLM-002206,M-000828,2024-08-28,3074F,I10,professional
CLM-002207,M-000828,2024-06-10,99214,M54.5,professional
CLM-002208,M-000828,2024-04-23,99213,I10,professional
CLM-002209,M-000829,2023-12-02,99213,I10,professional
CLM-002210,M-000829,2024-03-24,3075F,I10,professional
CLM-002211,M-000830,2023-03-08,99213,I12.9,professional
CLM-002212,M-000830,2024-10-07,3075F,I10,professional
CLM-002213,M-000830,2024-08-15,80053,E11.9,professional
CLM-002214,M-000830,2024-10-02,80053,I10,professional
CLM-002215,M-000831,2023-07-19,99213,I12.9,professional
CLM-002216,M-000831,2024-09-07,80053,I10,professional
CLM-002217,M-000831,2024-07-09,99214,M54.5,professional
CLM-002218,M-000832,2023-07-07,99213,I12.9,professional
CLM-002219,M-000832,2024-12-01,3078F,I10,professional
CLM-002220,M-000833,2023-12-09,99213,I12.9,professional
CLM-002221,M-000833,2024-05-15,3075F,I10,professional
CLM-002222,M-000833,2024-11-28,80053,J06.9,professional
CLM-002223,M-000833,2024-03-14,99213,J06.9,professional
CLM-002224,M-000834,2023-05-20,99213,I12.9,professional
CLM-002225,M-000834,2024-08-09,99213,M54.5,professional
CLM-002226,M-000835,2023-09-04,99213,I12.9,professional
CLM-002227,M-000835,2024-04-14,3075F,I10,professional
CLM-002228,M-000836,2023-08-26,99213,I10,professional
CLM-002229,M-000837,2024-10-03,3079F,I10,professional
CLM-002230,M-000838,2023-09-28,99213,I10,professional
CLM-002231,M-000838,2024-02-27,80053,I10,professional
CLM-002232,M-000838,2024-08-16,80053,M54.5,professional
CLM-002233,M-000839,2024-11-15,80053,I10,professional
CLM-002234,M-000839,2024-09-08,99214,J06.9,professional
CLM-002235,M-000840,2023-06-10,99213,I11.9,professional
CLM-002236,M-000841,2023-04-20,99213,I12.9,professional
CLM-002237,M-000841,2024-03-21,99213,M54.5,professional
CLM-002238,M-000841,2024-09-28,99214,E11.9,professional
CLM-002239,M-000842,2023-07-17,99213,I11.9,professional
CLM-002240,M-000842,2024-07-16,3075F,I10,professional
CLM-002241,M-000842,2024-11-21,99213,J06.9,professional
CLM-002242,M-000842,2024-01-01,99214,I10,professional
CLM-002243,M-000842,2024-03-20,99213,E11.9,professional
CLM-002244,M-000843,2023-08-16,99213,I10,professional
CLM-002245,M-000844,2023-03-21,99213,I12.9,professional
CLM-002246,M-000845,2024-07-11,3075F,I10,professional
CLM-002247,M-000845,2024-12-03,99214,J06.9,professional
CLM-002248,M-000845,2024-06-17,99214,J06.9,professional
CLM-002249,M-000845,2024-09-21,99214,J06.9,professional
CLM-002250,M-000846,2023-01-08,99213,I11.9,professional
CLM-002251,M-000847,2024-12-22,99214,J06.9,professional
CLM-002252,M-000847,2024-04-26,99213,I10,professional
CLM-002253,M-000848,2023-08-17,99213,I12.9,professional
CLM-002254,M-000848,2024-06-20,80053,J06.9,professional
CLM-002255,M-000848,2024-04-07,99213,J06.9,professional
CLM-002256,M-000849,2023-01-22,99213,I10,professional
CLM-002257,M-000850,2024-03-12,3074F,I10,professional
CLM-002258,M-000850,2024-12-18,99214,E11.9,professional
CLM-002259,M-000851,2024-01-15,3075F,I10,professional
CLM-002260,M-000851,2024-09-16,80053,I10,professional
CLM-002261,M-000851,2024-01-06,99213,J06.9,professional
CLM-002262,M-000852,2023-03-17,99213,I10,professional
CLM-002263,M-000852,2024-08-09,80053,I10,professional
CLM-002264,M-000852,2024-01-05,80053,I10,professional
CLM-002265,M-000853,2023-10-17,99213,I11.9,professional
CLM-002266,M-000853,2024-12-10,3079F,I10,professional
CLM-002267,M-000853,2024-04-23,80053,M54.5,professional
CLM-002268,M-000853,2024-08-08,80053,E11.9,professional
CLM-002269,M-000854,2023-07-22,99213,I11.9,professional
CLM-002270,M-000854,2024-07-14,99214,M54.5,professional
CLM-002271,M-000854,2024-03-13,99213,J06.9,professional
CLM-002272,M-000854,2024-05-25,99213,I10,professional
CLM-002273,M-000855,2023-06-23,99213,I10,professional
CLM-002274,M-000855,2024-05-09,99214,E11.9,professional
CLM-002275,M-000856,2023-02-19,99213,I11.9,professional
CLM-002276,M-000856,2024-05-06,3075F,I10,professional
CLM-002277,M-000857,2023-05-25,99213,I11.9,professional
CLM-002278,M-000857,2024-03-13,99214,I10,professional
CLM-002279,M-000857,2024-07-24,99214,M54.5,professional
CLM-002280,M-000858,2023-11-01,99213,I12.9,professional
CLM-002281,M-000858,2024-05-21,3075F,I10,professional
CLM-002282,M-000859,2024-12-06,99214,I10,professional
CLM-002283,M-000859,2024-10-06,99213,M54.5,professional
CLM-002284,M-000859,2024-01-23,99213,M54.5,professional
CLM-002285,M-000860,2023-08-04,99213,I11.9,professional
CLM-002286,M-000860,2024-06-12,3079F,I10,professional
CLM-002287,M-000860,2024-04-04,99214,E11.9,professional
CLM-002288,M-000860,2024-03-27,99214,M54.5,professional
CLM-002289,M-000860,2024-05-13,99214,I10,professional
CLM-002290,M-000861,2023-11-28,99213,I11.9,professional
CLM-002291,M-000861,2024-05-25,3078F,I10,professional
CLM-002292,M-000861,2024-02-01,80053,M54.5,professional
CLM-002293,M-000862,2024-10-10,80053,I10,professional
CLM-002294,M-000863,2023-11-18,99213,I10,professional
CLM-002295,M-000863,2024-06-11,3078F,I10,professional
CLM-002296,M-000864,2023-02-14,99213,I11.9,professional
CLM-002297,M-000864,2024-10-20,80053,M54.5,professional
CLM-002298,M-000865,2023-06-08,99213,I10,professional
CLM-002299,M-000865,2024-01-08,3078F,I10,professional
CLM-002300,M-000866,2023-11-16,99213,I11.9,professional
CLM-002301,M-000867,2023-06-28,99213,I10,professional
CLM-002302,M-000867,2024-07-17,3078F,I10,professional
CLM-002303,M-000867,2024-11-01,99214,I10,professional
CLM-002304,M-000867,2024-01-13,80053,M54.5,professional
CLM-002305,M-000868,2023-05-16,99213,I10,professional
CLM-002306,M-000868,2024-10-05,80053,E11.9,professional
CLM-002307,M-000868,2024-04-14,99214,M54.5,professional
CLM-002308,M-000869,2023-04-09,99213,I11.9,professional
CLM-002309,M-000869,2024-04-09,3078F,I10,professional
CLM-002310,M-000870,2023-01-18,99213,I10,professional
CLM-002311,M-000870,2024-09-13,80053,E11.9,professional
CLM-002312,M-000870,2024-10-20,80053,M54.5,professional
CLM-002313,M-000871,2023-11-14,99213,I11.9,professional
CLM-002314,M-000871,2024-04-08,99213,J06.9,professional
CLM-002315,M-000871,2024-03-01,80053,E11.9,professional
CLM-002316,M-000873,2023-12-21,99213,I11.9,professional
CLM-002317,M-000873,2024-03-10,80053,M54.5,professional
CLM-002318,M-000873,2024-04-25,80053,J06.9,professional
CLM-002319,M-000873,2024-02-14,80053,I10,professional
CLM-002320,M-000874,2023-03-28,99213,I11.9,professional
CLM-002321,M-000874,2024-11-06,99213,E11.9,professional
CLM-002322,M-000874,2024-10-03,99214,M54.5,professional
CLM-002323,M-000874,2024-07-02,80053,J06.9,professional
CLM-002324,M-000875,2023-10-26,99213,I10,professional
CLM-002325,M-000875,2024-02-08,3079F,I10,professional
CLM-002326,M-000876,2023-12-17,99213,I10,professional
CLM-002327,M-000876,2024-08-22,99214,E11.9,professional
CLM-002328,M-000877,2023-10-09,99213,I12.9,professional
CLM-002329,M-000877,2024-01-27,80053,M54.5,professional
CLM-002330,M-000877,2024-08-16,99214,I10,professional
CLM-002331,M-000877,2024-06-25,99213,J06.9,professional
CLM-002332,M-000878,2023-09-23,99213,I12.9,professional
CLM-002333,M-000878,2024-10-23,99213,J06.9,professional
CLM-002334,M-000878,2024-03-26,99213,M54.5,professional
CLM-002335,M-000879,2023-03-15,99213,I10,professional
CLM-002336,M-000879,2024-10-19,3075F,I10,professional
CLM-002337,M-000879,2024-01-16,99213,I10,professional
CLM-002338,M-000879,2024-11-09,99214,I10,professional
CLM-002339,M-000879,2024-09-02,99213,I10,professional
CLM-002340,M-000880,2023-12-08,99213,I11.9,professional
CLM-002341,M-000880,2024-03-16,80053,E11.9,professional
CLM-002342,M-000880,2024-11-24,99214,M54.5,professional
CLM-002343,M-000880,2024-06-26,99213,E11.9,professional
CLM-002344,M-000881,2023-08-07,99213,I11.9,professional
CLM-002345,M-000882,2023-12-23,99213,I10,professional
CLM-002346,M-000883,2023-03-08,99213,I10,professional
CLM-002347,M-000883,2024-04-15,99214,E11.9,professional
CLM-002348,M-000884,2023-05-24,99213,I11.9,professional
CLM-002349,M-000884,2024-01-11,99213,J06.9,professional
CLM-002350,M-000884,2024-01-21,80053,J06.9,professional
CLM-002351,M-000884,2024-03-05,80053,J06.9,professional
CLM-002352,M-000885,2023-02-09,99213,I11.9,professional
CLM-002353,M-000885,2024-07-10,3079F,I10,professional
CLM-002354,M-000886,2023-04-26,99213,I12.9,professional
CLM-002355,M-000886,2024-08-09,99214,J06.9,professional
CLM-002356,M-000887,2023-09-01,99213,I11.9,professional
CLM-002357,M-000887,2024-07-15,99213,I10,professional
CLM-002358,M-000888,2023-08-22,99213,I12.9,professional
CLM-002359,M-000888,2024-09-08,3079F,I10,professional
CLM-002360,M-000888,2024-12-20,99214,J06.9,professional
CLM-002361,M-000889,2023-09-21,99213,I11.9,professional
CLM-002362,M-000889,2024-08-01,99213,I10,professional
CLM-002363,M-000889,2024-07-25,80053,E11.9,professional
CLM-002364,M-000890,2023-02-27,99213,I12.9,professional
CLM-002365,M-000890,2024-10-22,99213,J06.9,professional
CLM-002366,M-000891,2023-07-02,99213,I12.9,professional
CLM-002367,M-000892,2023-04-27,99213,I11.9,professional
CLM-002368,M-000892,2024-10-17,3079F,I10,professional
CLM-002369,M-000892,2024-08-28,80053,J06.9,professional
CLM-002370,M-000892,2024-06-07,99214,E11.9,professional
CLM-002371,M-000893,2023-05-25,99213,I11.9,professional
CLM-002372,M-000893,2024-10-26,99214,J06.9,professional
CLM-002373,M-000893,2024-06-05,80053,I10,professional
CLM-002374,M-000894,2023-07-03,99213,I10,professional
CLM-002375,M-000894,2024-06-03,3075F,I10,professional
CLM-002376,M-000894,2024-06-24,80053,J06.9,professional
CLM-002377,M-000894,2024-03-28,99213,I10,professional
CLM-002378,M-000894,2024-02-18,80053,E11.9,professional
CLM-002379,M-000897,2023-07-27,99213,I12.9,professional
CLM-002380,M-000897,2024-09-05,3078F,I10,professional
CLM-002381,M-000897,2024-07-04,80053,J06.9,professional
CLM-002382,M-000899,2023-01-09,99213,I11.9,professional
CLM-002383,M-000899,2024-09-07,3078F,I10,professional
CLM-002384,M-000899,2024-08-15,99213,E11.9,professional
CLM-002385,M-000899,2024-04-20,99214,E11.9,professional
CLM-002386,M-000900,2023-05-03,99213,I11.9,professional
CLM-002387,M-000901,2023-06-27,99213,I11.9,professional
CLM-002388,M-000901,2024-01-12,3075F,I10,professional
CLM-002389,M-000901,2024-10-18,99213,I10,professional
CLM-002390,M-000901,2024-10-21,80053,I10,professional
CLM-002391,M-000901,2024-12-15,99214,E11.9,professional
CLM-002392,M-000902,2023-04-17,99213,I10,professional
CLM-002393,M-000902,2024-01-25,99214,J06.9,professional
CLM-002394,M-000903,2023-12-08,99213,I12.9,professional
CLM-002395,M-000903,2024-02-19,99213,J06.9,professional
CLM-002396,M-000904,2023-01-13,99213,I11.9,professional
CLM-002397,M-000904,2024-09-08,99214,E11.9,professional
CLM-002398,M-000904,2024-04-03,99214,I10,professional
CLM-002399,M-000904,2024-10-01,99213,M54.5,professional
CLM-002400,M-000905,2023-09-27,99213,I12.9,professional
CLM-002401,M-000905,2024-12-11,3078F,I10,professional
CLM-002402,M-000906,2023-02-16,99213,I10,professional
CLM-002403,M-000906,2024-04-10,3078F,I10,professional
CLM-002404,M-000907,2023-09-14,99213,I10,professional
CLM-002405,M-000907,2024-10-16,3074F,I10,professional
CLM-002406,M-000907,2024-10-07,99213,M54.5,professional
CLM-002407,M-000907,2024-03-28,99213,E11.9,professional
CLM-002408,M-000907,2024-01-24,99213,I10,professional
CLM-002409,M-000908,2023-01-20,99213,I12.9,professional
CLM-002410,M-000908,2024-02-01,99213,I10,professional
CLM-002411,M-000908,2024-04-10,99214,J06.9,professional
CLM-002412,M-000909,2023-08-26,99213,I10,professional
CLM-002413,M-000910,2023-07-23,99213,I10,professional
CLM-002414,M-000910,2024-03-07,80053,E11.9,professional
CLM-002415,M-000910,2024-07-25,80053,J06.9,professional
CLM-002416,M-000911,2023-11-16,99213,I12.9,professional
CLM-002417,M-000911,2024-12-13,3079F,I10,professional
CLM-002418,M-000911,2024-01-26,99214,I10,professional
CLM-002419,M-000911,2024-11-27,99213,M54.5,professional
CLM-002420,M-000912,2024-10-08,99214,I10,professional
CLM-002421,M-000913,2023-06-12,99213,I10,professional
CLM-002422,M-000913,2024-03-11,3075F,I10,professional
CLM-002423,M-000913,2024-08-27,99214,E11.9,professional
CLM-002424,M-000913,2024-09-12,80053,I10,professional
CLM-002425,M-000913,2024-01-02,99214,E11.9,professional
CLM-002426,M-000914,2023-01-26,99213,I11.9,professional
CLM-002427,M-000914,2024-04-28,99213,I10,professional
CLM-002428,M-000915,2023-05-16,99213,I11.9,professional
CLM-002429,M-000915,2024-08-03,99214,M54.5,professional
CLM-002430,M-000916,2023-01-04,99213,I12.9,professional
CLM-002431,M-000917,2023-06-03,99213,I11.9,professional
CLM-002432,M-000917,2024-04-05,99213,E11.9,professional
CLM-002433,M-000918,2023-01-17,99213,I10,professional
CLM-002434,M-000918,2024-10-20,3075F,I10,professional
CLM-002435,M-000918,2024-12-16,99214,J06.9,professional
CLM-002436,M-000919,2023-03-04,99213,I12.9,professional
CLM-002437,M-000919,2024-07-21,3075F,I10,professional
CLM-002438,M-000919,2024-10-06,99214,J06.9,professional
CLM-002439,M-000920,2023-11-08,99213,I10,professional
CLM-002440,M-000920,2024-01-04,80053,M54.5,professional
CLM-002441,M-000920,2024-11-25,99213,I10,professional
CLM-002442,M-000920,2024-11-02,99213,J06.9,professional
CLM-002443,M-000921,2023-12-13,99213,I12.9,professional
CLM-002444,M-000921,2024-06-09,99213,E11.9,professional
CLM-002445,M-000922,2024-02-01,80053,I10,professional
CLM-002446,M-000922,2024-04-21,99214,J06.9,professional
CLM-002447,M-000923,2023-08-28,99213,I12.9,professional
CLM-002448,M-000923,2024-08-12,99214,I10,professional
CLM-002449,M-000925,2023-04-28,99213,I12.9,professional
CLM-002450,M-000925,2024-06-06,99214,J06.9,professional
CLM-002451,M-000925,2024-05-13,99213,M54.5,professional
CLM-002452,M-000926,2023-11-14,99213,I11.9,professional
CLM-002453,M-000926,2024-12-21,99213,M54.5,professional
CLM-002454,M-000926,2024-04-16,80053,E11.9,professional
CLM-002455,M-000926,2024-06-04,99214,M54.5,professional
CLM-002456,M-000927,2024-08-21,3078F,I10,professional
CLM-002457,M-000927,2024-05-06,99214,M54.5,professional
CLM-002458,M-000928,2023-02-01,99213,I11.9,professional
CLM-002459,M-000930,2023-11-05,99213,I11.9,professional
CLM-002460,M-000930,2024-07-15,99214,M54.5,professional
CLM-002461,M-000931,2023-01-23,99213,I10,professional
CLM-002462,M-000931,2024-06-12,80053,J06.9,professional
CLM-002463,M-000931,2024-09-13,99213,I10,professional
CLM-002464,M-000932,2024-09-18,3079F,I10,professional
CLM-002465,M-000932,2024-11-06,80053,M54.5,professional
CLM-002466,M-000933,2023-12-07,99213,I12.9,professional
CLM-002467,M-000933,2024-06-06,3078F,I10,professional
CLM-002468,M-000933,2024-09-14,80053,I10,professional
CLM-002469,M-000933,2024-05-25,99214,I10,professional
CLM-002470,M-000934,2023-06-23,99213,I12.9,professional
CLM-002471,M-000934,2024-05-24,3075F,I10,professional
CLM-002472,M-000934,2024-12-23,99213,I10,professional
CLM-002473,M-000935,2023-12-04,99213,I12.9,professional
CLM-002474,M-000935,2024-02-15,99213,I10,professional
CLM-002475,M-000935,2024-03-04,99214,E11.9,professional
CLM-002476,M-000935,2024-07-11,99213,E11.9,professional
CLM-002477,M-000936,2023-01-21,99213,I12.9,professional
CLM-002478,M-000936,2024-10-12,3074F,I10,professional
CLM-002479,M-000937,2023-04-26,99213,I10,professional
CLM-002480,M-000937,2024-05-08,99213,J06.9,professional
CLM-002481,M-000938,2023-09-21,99213,I11.9,professional
CLM-002482,M-000939,2023-06-15,99213,I12.9,professional
CLM-002483,M-000940,2024-07-19,99213,M54.5,professional
CLM-002484,M-000942,2023-02-27,99213,I10,professional
CLM-002485,M-000942,2024-08-16,99214,J06.9,professional
CLM-002486,M-000943,2024-06-20,3078F,I10,professional
CLM-002487,M-000943,2024-10-10,99214,M54.5,professional
CLM-002488,M-000944,2023-10-17,99213,I12.9,professional
CLM-002489,M-000944,2024-08-14,3075F,I10,professional
CLM-002490,M-000944,2024-07-13,80053,J06.9,professional
CLM-002491,M-000944,2024-07-20,99213,E11.9,professional
CLM-002492,M-000945,2023-11-16,99213,I10,professional
CLM-002493,M-000945,2024-08-27,80053,I10,professional
CLM-002494,M-000945,2024-03-27,99214,J06.9,professional
CLM-002495,M-000945,2024-06-14,99214,I10,professional
CLM-002496,M-000946,2023-02-27,99213,I10,professional
CLM-002497,M-000947,2023-05-28,99213,I10,professional
CLM-002498,M-000947,2024-04-15,99213,I10,professional
CLM-002499,M-000947,2024-05-27,99213,J06.9,professional
CLM-002500,M-000948,2023-05-06,99213,I10,professional
CLM-002501,M-000948,2024-04-07,99214,J06.9,professional
CLM-002502,M-000949,2023-12-27,99213,I10,professional
CLM-002503,M-000949,2024-05-14,99213,E11.9,professional
CLM-002504,M-000949,2024-11-25,80053,I10,professional
CLM-002505,M-000949,2024-06-24,99214,M54.5,professional
CLM-002506,M-000950,2023-07-16,99213,I11.9,professional
CLM-002507,M-000950,2024-01-21,3079F,I10,professional
CLM-002508,M-000950,2024-11-13,99213,I10,professional
CLM-002509,M-000950,2024-12-28,99213,J06.9,professional
CLM-002510,M-000950,2024-08-10,99213,M54.5,professional
CLM-002511,M-000951,2023-03-18,99213,I11.9,professional
CLM-002512,M-000951,2024-09-24,80053,E11.9,professional
CLM-002513,M-000952,2023-02-04,99213,I11.9,professional
CLM-002514,M-000952,2024-12-12,99213,M54.5,professional
CLM-002515,M-000952,2024-01-16,99213,E11.9,professional
CLM-002516,M-000953,2023-06-16,99213,I11.9,professional
CLM-002517,M-000954,2023-10-13,99213,I11.9,professional
CLM-002518,M-000954,2024-02-09,3075F,I10,professional
CLM-002519,M-000954,2024-12-03,99214,J06.9,professional
CLM-002520,M-000954,2024-05-21,99213,M54.5,professional
CLM-002521,M-000955,2023-07-07,99213,I10,professional
CLM-002522,M-000955,2024-02-07,3074F,I10,professional
CLM-002523,M-000956,2023-08-06,99213,I12.9,professional
CLM-002524,M-000956,2024-12-11,99213,M54.5,professional
CLM-002525,M-000957,2023-10-07,99213,I12.9,professional
CLM-002526,M-000957,2024-08-06,3074F,I10,professional
CLM-002527,M-000957,2024-08-14,80053,J06.9,professional
CLM-002528,M-000957,2024-08-10,80053,I10,professional
CLM-002529,M-000957,2024-07-19,99214,J06.9,professional
CLM-002530,M-000958,2023-07-13,99213,I12.9,professional
CLM-002531,M-000959,2024-09-09,99214,I10,professional
CLM-002532,M-000959,2024-12-20,99214,I10,professional
CLM-002533,M-000960,2023-10-04,99213,I11.9,professional
CLM-002534,M-000961,2023-03-14,99213,I12.9,professional
CLM-002535,M-000961,2024-05-03,80053,J06.9,professional
CLM-002536,M-000961,2024-01-27,99213,I10,professional
CLM-002537,M-000962,2023-11-21,99213,I11.9,professional
CLM-002538,M-000962,2024-07-23,3074F,I10,professional
CLM-002539,M-000963,2023-12-09,99213,I10,professional
CLM-002540,M-000963,2024-03-01,3078F,I10,professional
CLM-002541,M-000963,2024-06-23,80053,J06.9,professional
CLM-002542,M-000964,2023-04-12,99213,I12.9,professional
CLM-002543,M-000964,2024-06-02,3075F,I10,professional
CLM-002544,M-000965,2023-08-26,99213,I10,professional
CLM-002545,M-000966,2023-08-21,99213,I11.9,professional
CLM-002546,M-000967,2023-02-18,99213,I12.9,professional
CLM-002547,M-000967,2024-12-08,3074F,I10,professional
CLM-002548,M-000967,2024-05-15,99214,J06.9,professional
CLM-002549,M-000968,2023-12-13,99213,I10,professional
CLM-002550,M-000969,2024-07-19,80053,E11.9,professional
CLM-002551,M-000970,2023-10-21,99213,I10,professional
CLM-002552,M-000971,2023-06-20,99213,I11.9,professional
CLM-002553,M-000971,2024-10-09,3074F,I10,professional
CLM-002554,M-000971,2024-03-24,99214,J06.9,professional
CLM-002555,M-000971,2024-05-06,99213,J06.9,professional
CLM-002556,M-000972,2023-12-10,99213,I12.9,professional
CLM-002557,M-000972,2024-04-09,3075F,I10,professional
CLM-002558,M-000972,2024-11-05,99213,M54.5,professional
CLM-002559,M-000973,2023-10-11,99213,I12.9,professional
CLM-002560,M-000973,2024-01-23,3074F,I10,professional
CLM-002561,M-000973,2024-07-17,99213,I10,professional
CLM-002562,M-000974,2023-02-19,99213,I12.9,professional
CLM-002563,M-000974,2024-02-03,99214,I10,professional
CLM-002564,M-000974,2024-07-04,80053,M54.5,professional
CLM-002565,M-000974,2024-11-11,99214,M54.5,professional
CLM-002566,M-000975,2024-08-01,80053,J06.9,professional
CLM-002567,M-000975,2024-05-27,80053,I10,professional
CLM-002568,M-000975,2024-03-17,99213,I10,professional
CLM-002569,M-000976,2023-08-20,99213,I12.9,professional
CLM-002570,M-000976,2024-01-23,80053,M54.5,professional
CLM-002571,M-000976,2024-07-05,99213,M54.5,professional
CLM-002572,M-000976,2024-03-10,99214,E11.9,professional
CLM-002573,M-000977,2023-07-04,99213,I10,professional
CLM-002574,M-000977,2024-06-08,3079F,I10,professional
CLM-002575,M-000977,2024-03-19,80053,I10,professional
CLM-002576,M-000978,2024-05-24,99213,J06.9,professional
CLM-002577,M-000979,2024-11-17,99214,E11.9,professional
CLM-002578,M-000979,2024-02-13,80053,I10,professional
CLM-002579,M-000980,2023-09-01,99213,I12.9,professional
CLM-002580,M-000980,2024-04-14,3074F,I10,professional
CLM-002581,M-000980,2024-09-22,80053,M54.5,professional
CLM-002582,M-000981,2023-08-18,99213,I11.9,professional
CLM-002583,M-000981,2024-04-16,3075F,I10,professional
CLM-002584,M-000981,2024-08-20,99213,E11.9,professional
CLM-002585,M-000982,2024-12-12,3079F,I10,professional
CLM-002586,M-000982,2024-04-27,80053,E11.9,professional
CLM-002587,M-000982,2024-09-04,80053,E11.9,professional
CLM-002588,M-000983,2024-01-01,99214,I10,professional
CLM-002589,M-000984,2023-08-02,99213,I12.9,professional
CLM-002590,M-000984,2024-10-22,3078F,I10,professional
CLM-002591,M-000985,2023-07-15,99213,I11.9,professional
CLM-002592,M-000986,2023-08-06,99213,I10,professional
CLM-002593,M-000986,2024-09-18,99213,M54.5,professional
CLM-002594,M-000986,2024-10-22,99214,E11.9,professional
CLM-002595,M-000986,2024-01-23,80053,J06.9,professional
CLM-002596,M-000987,2023-07-15,99213,I12.9,professional
CLM-002597,M-000987,2024-06-18,99213,E11.9,professional
CLM-002598,M-000987,2024-09-07,80053,M54.5,professional
CLM-002599,M-000988,2023-11-23,99213,I11.9,professional
CLM-002600,M-000988,2024-10-13,99213,M54.5,professional
CLM-002601,M-000988,2024-05-25,99214,J06.9,professional
CLM-002602,M-000989,2024-09-28,99214,M54.5,professional
CLM-002603,M-000989,2024-12-18,80053,M54.5,professional
CLM-002604,M-000989,2024-09-26,99213,I10,professional
CLM-002605,M-000990,2023-01-06,99213,I12.9,professional
CLM-002606,M-000990,2024-02-23,3074F,I10,professional
CLM-002607,M-000990,2024-01-24,80053,I10,professional
CLM-002608,M-000991,2024-09-21,3078F,I10,professional
CLM-002609,M-000991,2024-05-18,99213,E11.9,professional
CLM-002610,M-000992,2023-03-28,99213,I10,professional
CLM-002611,M-000992,2024-11-28,99214,M54.5,professional
CLM-002612,M-000992,2024-04-22,99214,I10,professional
CLM-002613,M-000993,2023-06-10,99213,I12.9,professional
CLM-002614,M-000993,2024-12-12,3075F,I10,professional
CLM-002615,M-000993,2024-03-04,99214,E11.9,professional
CLM-002616,M-000994,2024-12-10,80053,I10,professional
CLM-002617,M-000995,2023-10-27,99213,I11.9,professional
CLM-002618,M-000995,2024-04-10,99214,M54.5,professional
CLM-002619,M-000996,2023-05-20,99213,I11.9,professional
CLM-002620,M-000996,2024-06-17,3075F,I10,professional
CLM-002621,M-000996,2024-02-28,99213,I10,professional
CLM-002622,M-000996,2024-04-28,80053,E11.9,professional
CLM-002623,M-000996,2024-07-10,99214,M54.5,professional
CLM-002624,M-000997,2024-04-03,80053,J06.9,professional
CLM-002625,M-000998,2023-06-22,99213,I12.9,professional
CLM-002626,M-000998,2024-01-07,3079F,I10,professional
CLM-002627,M-000999,2023-02-14,99213,I10,professional
CLM-002628,M-000999,2024-02-16,3075F,I10,professional
CLM-002629,M-000999,2024-05-01,80053,J06.9,professional
CLM-002630,M-000999,2024-05-11,99214,M54.5,professional
CLM-002631,M-001000,2023-07-05,99213,I12.9,professional
CLM-002632,M-001001,2023-08-27,99213,I12.9,professional
CLM-002633,M-001001,2024-06-24,99213,M54.5,professional
CLM-002634,M-001001,2024-06-06,99213,J06.9,professional
CLM-002635,M-001001,2024-03-19,99214,E11.9,professional
CLM-002636,M-001002,2023-09-06,99213,I10,professional
CLM-002637,M-001002,2024-03-07,3074F,I10,professional
CLM-002638,M-001002,2024-05-01,80053,E11.9,professional
CLM-002639,M-001002,2024-08-25,99213,J06.9,professional
CLM-002640,M-001003,2024-10-16,3075F,I10,professional
CLM-002641,M-001003,2024-11-12,99213,J06.9,professional
CLM-002642,M-001003,2024-01-21,99213,I10,professional
CLM-002643,M-001003,2024-04-20,80053,E11.9,professional
CLM-002644,M-001004,2023-08-13,99213,I11.9,professional
CLM-002645,M-001005,2023-07-19,99213,I11.9,professional
CLM-002646,M-001005,2024-01-26,3079F,I10,professional
CLM-002647,M-001006,2023-08-01,99213,I10,professional
CLM-002648,M-001006,2024-01-23,99213,I10,professional
CLM-002649,M-001007,2024-02-22,3075F,I10,professional
CLM-002650,M-001007,2024-10-16,99214,M54.5,professional
CLM-002651,M-001007,2024-02-04,80053,M54.5,professional
CLM-002652,M-001008,2023-07-18,99213,I12.9,professional
CLM-002653,M-001008,2024-01-08,3074F,I10,professional
CLM-002654,M-001008,2024-10-13,99214,I10,professional
CLM-002655,M-001009,2023-11-09,99213,I11.9,professional
CLM-002656,M-001009,2024-07-24,80053,M54.5,professional
CLM-002657,M-001009,2024-10-07,80053,I10,professional
CLM-002658,M-001009,2024-07-18,80053,J06.9,professional
CLM-002659,M-001010,2023-06-14,99213,I10,professional
CLM-002660,M-001010,2024-01-14,99213,M54.5,professional
CLM-002661,M-001010,2024-07-24,99214,J06.9,professional
CLM-002662,M-001010,2024-10-22,99214,M54.5,professional
CLM-002663,M-001011,2023-07-04,99213,I10,professional
CLM-002664,M-001011,2024-01-03,3078F,I10,professional
CLM-002665,M-001011,2024-10-10,99213,I10,professional
CLM-002666,M-001011,2024-10-23,99213,I10,professional
CLM-002667,M-001011,2024-02-05,80053,E11.9,professional
CLM-002668,M-001012,2023-07-05,99213,I12.9,professional
CLM-002669,M-001012,2024-03-24,99213,E11.9,professional
CLM-002670,M-001012,2024-02-18,99214,J06.9,professional
CLM-002671,M-001013,2024-05-11,3075F,I10,professional
CLM-002672,M-001013,2024-08-23,99214,M54.5,professional
CLM-002673,M-001015,2023-10-11,99213,I12.9,professional
CLM-002674,M-001015,2024-11-20,3074F,I10,professional
CLM-002675,M-001016,2023-03-27,99213,I12.9,professional
CLM-002676,M-001016,2024-02-02,99213,M54.5,professional
CLM-002677,M-001017,2023-10-14,99213,I10,professional
CLM-002678,M-001017,2024-07-17,99213,I10,professional
CLM-002679,M-001017,2024-08-12,80053,E11.9,professional
CLM-002680,M-001018,2023-01-07,99213,I11.9,professional
CLM-002681,M-001018,2024-05-07,99213,M54.5,professional
CLM-002682,M-001019,2023-04-26,99213,I12.9,professional
CLM-002683,M-001019,2024-03-14,99214,E11.9,professional
CLM-002684,M-001021,2023-11-09,99213,I11.9,professional
CLM-002685,M-001021,2024-07-23,3079F,I10,professional
CLM-002686,M-001021,2024-02-25,99213,J06.9,professional
CLM-002687,M-001021,2024-05-23,80053,M54.5,professional
CLM-002688,M-001021,2024-03-05,80053,E11.9,professional
CLM-002689,M-001022,2023-03-12,99213,I10,professional
CLM-002690,M-001022,2024-06-02,80053,M54.5,professional
CLM-002691,M-001022,2024-12-27,99214,E11.9,professional
CLM-002692,M-001022,2024-12-22,99214,J06.9,professional
CLM-002693,M-001023,2023-02-09,99213,I11.9,professional
CLM-002694,M-001023,2024-09-05,99213,M54.5,professional
CLM-002695,M-001023,2024-04-03,99214,M54.5,professional
CLM-002696,M-001024,2023-12-03,99213,I12.9,professional
CLM-002697,M-001024,2024-12-27,99213,J06.9,professional
CLM-002698,M-001024,2024-11-14,80053,M54.5,professional
CLM-002699,M-001025,2023-02-27,99213,I11.9,professional
CLM-002700,M-001025,2024-01-26,3079F,I10,professional
CLM-002701,M-001025,2024-06-05,80053,E11.9,professional
CLM-002702,M-001025,2024-09-14,99214,M54.5,professional
CLM-002703,M-001026,2024-10-16,99214,E11.9,professional
CLM-002704,M-001026,2024-06-08,99214,M54.5,professional
CLM-002705,M-001026,2024-02-10,80053,I10,professional
CLM-002706,M-001027,2023-04-06,99213,I12.9,professional
CLM-002707,M-001027,2024-02-27,80053,J06.9,professional
CLM-002708,M-001028,2023-11-12,99213,I10,professional
CLM-002709,M-001028,2024-01-01,80053,M54.5,professional
CLM-002710,M-001028,2024-08-08,99214,I10,professional
CLM-002711,M-001028,2024-12-25,80053,I10,professional
CLM-002712,M-001029,2024-11-10,3078F,I10,professional
CLM-002713,M-001029,2024-01-28,99213,M54.5,professional
CLM-002714,M-001030,2023-01-18,99213,I11.9,professional
CLM-002715,M-001030,2024-10-04,99214,J06.9,professional
CLM-002716,M-001030,2024-06-26,80053,E11.9,professional
CLM-002717,M-001030,2024-03-19,80053,E11.9,professional
CLM-002718,M-001031,2024-12-04,80053,E11.9,professional
CLM-002719,M-001031,2024-12-17,80053,E11.9,professional
CLM-002720,M-001032,2023-10-10,99213,I11.9,professional
CLM-002721,M-001032,2024-07-08,99213,J06.9,professional
CLM-002722,M-001032,2024-11-03,99214,M54.5,professional
CLM-002723,M-001033,2023-03-17,99213,I12.9,professional
CLM-002724,M-001033,2024-07-21,99213,J06.9,professional
CLM-002725,M-001033,2024-11-23,99213,I10,professional
CLM-002726,M-001033,2024-03-23,99213,J06.9,professional
CLM-002727,M-001034,2023-03-10,99213,I12.9,professional
CLM-002728,M-001034,2024-10-25,3074F,I10,professional
CLM-002729,M-001034,2024-09-27,99213,M54.5,professional
CLM-002730,M-001034,2024-10-03,99213,I10,professional
CLM-002731,M-001034,2024-08-04,80053,I10,professional
CLM-002732,M-001035,2023-11-26,99213,I11.9,professional
CLM-002733,M-001035,2024-07-10,3074F,I10,professional
CLM-002734,M-001035,2024-01-09,80053,J06.9,professional
CLM-002735,M-001035,2024-02-04,99214,E11.9,professional
CLM-002736,M-001035,2024-07-27,99213,E11.9,professional
CLM-002737,M-001036,2023-03-22,99213,I12.9,professional
CLM-002738,M-001036,2024-04-22,99213,J06.9,professional
CLM-002739,M-001036,2024-04-06,99214,M54.5,professional
CLM-002740,M-001036,2024-09-05,80053,M54.5,professional
CLM-002741,M-001037,2023-06-18,99213,I10,professional
CLM-002742,M-001037,2024-10-24,80053,J06.9,professional
CLM-002743,M-001037,2024-08-24,80053,J06.9,professional
CLM-002744,M-001038,2023-05-06,99213,I12.9,professional
CLM-002745,M-001038,2024-01-11,99213,J06.9,professional
CLM-002746,M-001038,2024-02-04,80053,E11.9,professional
CLM-002747,M-001038,2024-04-27,99214,I10,professional
CLM-002748,M-001039,2023-02-11,99213,I11.9,professional
CLM-002749,M-001039,2024-06-04,3074F,I10,professional
CLM-002750,M-001039,2024-07-11,99214,M54.5,professional
CLM-002751,M-001039,2024-09-11,99214,M54.5,professional
CLM-002752,M-001039,2024-12-22,99214,E11.9,professional
CLM-002753,M-001040,2023-12-13,99213,I11.9,professional
CLM-002754,M-001040,2024-12-03,3078F,I10,professional
CLM-002755,M-001040,2024-03-11,80053,I10,professional
CLM-002756,M-001041,2023-09-04,99213,I10,professional
CLM-002757,M-001041,2024-02-04,99213,J06.9,professional
CLM-002758,M-001041,2024-11-28,80053,E11.9,professional
CLM-002759,M-001041,2024-06-24,80053,J06.9,professional
CLM-002760,M-001042,2023-05-28,99213,I12.9,professional
CLM-002761,M-001042,2024-09-21,3078F,I10,professional
CLM-002762,M-001042,2024-08-14,99213,J06.9,professional
CLM-002763,M-001042,2024-12-18,99214,E11.9,professional
CLM-002764,M-001043,2023-02-12,99213,I10,professional
CLM-002765,M-001043,2024-04-22,99214,J06.9,professional
CLM-002766,M-001044,2023-06-11,99213,I11.9,professional
CLM-002767,M-001044,2024-07-05,99214,J06.9,professional
CLM-002768,M-001044,2024-10-17,99213,E11.9,professional
CLM-002769,M-001044,2024-06-21,80053,I10,professional
CLM-002770,M-001045,2024-02-14,99214,E11.9,professional
CLM-002771,M-001045,2024-05-28,99213,I10,professional
CLM-002772,M-001045,2024-02-27,99213,E11.9,professional
CLM-002773,M-001046,2023-09-03,99213,I11.9,professional
CLM-002774,M-001046,2024-03-04,3074F,I10,professional
CLM-002775,M-001047,2023-12-27,99213,I12.9,professional
CLM-002776,M-001047,2024-07-06,3078F,I10,professional
CLM-002777,M-001047,2024-12-27,99213,J06.9,professional
CLM-002778,M-001048,2023-06-08,99213,I11.9,professional
CLM-002779,M-001048,2024-01-21,99213,M54.5,professional
CLM-002780,M-001048,2024-05-22,80053,J06.9,professional
CLM-002781,M-001048,2024-11-21,99214,E11.9,professional
CLM-002782,M-001050,2023-05-23,99213,I12.9,professional
CLM-002783,M-001050,2024-03-12,99214,J06.9,professional
CLM-002784,M-001051,2024-10-01,99214,J06.9,professional
CLM-002785,M-001051,2024-06-12,99214,I10,professional
CLM-002786,M-001051,2024-12-20,80053,M54.5,professional
CLM-002787,M-001052,2023-08-19,99213,I11.9,professional
CLM-002788,M-001052,2024-06-02,3078F,I10,professional
CLM-002789,M-001052,2024-10-08,99213,E11.9,professional
CLM-002790,M-001053,2023-03-06,99213,I10,professional
CLM-002791,M-001053,2024-06-06,3074F,I10,professional
CLM-002792,M-001053,2024-05-28,80053,J06.9,professional
CLM-002793,M-001053,2024-08-10,99214,I10,professional
CLM-002794,M-001054,2023-12-24,99213,I11.9,professional
CLM-002795,M-001056,2023-03-21,99213,I11.9,professional
CLM-002796,M-001056,2024-03-17,99213,J06.9,professional
CLM-002797,M-001056,2024-06-02,80053,M54.5,professional
CLM-002798,M-001056,2024-04-13,99213,M54.5,professional
CLM-002799,M-001057,2024-02-24,99214,J06.9,professional
CLM-002800,M-001057,2024-08-07,99213,M54.5,professional
CLM-002801,M-001057,2024-03-14,99213,J06.9,professional
CLM-002802,M-001058,2023-07-25,99213,I12.9,professional
CLM-002803,M-001058,2024-03-06,80053,E11.9,professional
CLM-002804,M-001058,2024-12-02,80053,J06.9,professional
CLM-002805,M-001058,2024-05-01,99213,J06.9,professional
CLM-002806,M-001059,2023-06-05,99213,I11.9,professional
CLM-002807,M-001059,2024-01-27,99214,J06.9,professional
CLM-002808,M-001059,2024-08-21,99213,E11.9,professional
CLM-002809,M-001060,2023-09-04,99213,I11.9,professional
CLM-002810,M-001061,2024-08-07,3074F,I10,professional
CLM-002811,M-001061,2024-01-27,80053,M54.5,professional
CLM-002812,M-001061,2024-04-10,80053,M54.5,professional
CLM-002813,M-001062,2024-10-08,99213,J06.9,professional
CLM-002814,M-001062,2024-01-27,80053,E11.9,professional
CLM-002815,M-001062,2024-07-14,80053,E11.9,professional
CLM-002816,M-001063,2023-10-28,99213,I12.9,professional
CLM-002817,M-001063,2024-12-05,3075F,I10,professional
CLM-002818,M-001063,2024-12-26,80053,J06.9,professional
CLM-002819,M-001063,2024-05-27,99213,M54.5,professional
CLM-002820,M-001063,2024-01-27,99213,E11.9,professional
CLM-002821,M-001064,2023-10-02,99213,I10,professional
CLM-002822,M-001065,2024-05-20,99213,M54.5,professional
CLM-002823,M-001065,2024-04-06,99214,E11.9,professional
CLM-002824,M-001065,2024-11-03,99213,E11.9,professional
CLM-002825,M-001066,2023-11-23,99213,I10,professional
CLM-002826,M-001066,2024-03-02,3074F,I10,professional
CLM-002827,M-001066,2024-07-22,99213,I10,professional
CLM-002828,M-001066,2024-04-09,99214,M54.5,professional
CLM-002829,M-001066,2024-06-25,80053,J06.9,professional
CLM-002830,M-001067,2023-10-19,99213,I11.9,professional
CLM-002831,M-001067,2024-05-08,3079F,I10,professional
CLM-002832,M-001068,2023-02-03,99213,I12.9,professional
CLM-002833,M-001069,2023-01-16,99213,I10,professional
CLM-002834,M-001070,2024-10-16,99213,J06.9,professional
CLM-002835,M-001071,2023-07-20,99213,I12.9,professional
CLM-002836,M-001071,2024-08-04,99214,I10,professional
CLM-002837,M-001071,2024-09-07,99214,M54.5,professional
CLM-002838,M-001072,2024-10-14,99214,I10,professional
CLM-002839,M-001072,2024-12-16,80053,I10,professional
CLM-002840,M-001073,2024-07-14,3078F,I10,professional
CLM-002841,M-001073,2024-12-14,80053,I10,professional
CLM-002842,M-001073,2024-01-05,80053,E11.9,professional
CLM-002843,M-001073,2024-01-24,99213,J06.9,professional
CLM-002844,M-001074,2023-05-03,99213,I10,professional
CLM-002845,M-001074,2024-09-21,3074F,I10,professional
CLM-002846,M-001074,2024-07-14,99214,I10,professional
CLM-002847,M-001075,2023-03-21,99213,I12.9,professional
CLM-002848,M-001075,2024-06-02,99214,I10,professional
CLM-002849,M-001075,2024-09-25,99213,E11.9,professional
CLM-002850,M-001076,2023-10-17,99213,I12.9,professional
CLM-002851,M-001076,2024-12-03,99213,M54.5,professional
CLM-002852,M-001076,2024-11-24,99213,J06.9,professional
CLM-002853,M-001077,2023-01-13,99213,I12.9,professional
CLM-002854,M-001077,2024-03-28,3074F,I10,professional
CLM-002855,M-001077,2024-02-03,80053,J06.9,professional
CLM-002856,M-001078,2023-05-01,99213,I12.9,professional
CLM-002857,M-001078,2024-10-05,99213,I10,professional
CLM-002858,M-001078,2024-11-26,99213,J06.9,professional
CLM-002859,M-001079,2023-05-23,99213,I10,professional
CLM-002860,M-001079,2024-02-08,3078F,I10,professional
CLM-002861,M-001079,2024-06-15,99214,I10,professional
CLM-002862,M-001080,2023-01-26,99213,I12.9,professional
CLM-002863,M-001080,2024-12-23,99213,J06.9,professional
CLM-002864,M-001080,2024-01-12,80053,E11.9,professional
CLM-002865,M-001080,2024-04-21,80053,I10,professional
CLM-002866,M-001081,2023-09-16,99213,I12.9,professional
CLM-002867,M-001081,2024-12-19,80053,M54.5,professional
CLM-002868,M-001082,2023-12-24,99213,I12.9,professional
CLM-002869,M-001082,2024-12-18,3078F,I10,professional
CLM-002870,M-001082,2024-01-12,80053,I10,professional
CLM-002871,M-001083,2024-08-26,80053,J06.9,professional
CLM-002872,M-001084,2023-05-14,99213,I10,professional
CLM-002873,M-001084,2024-02-03,3079F,I10,professional
CLM-002874,M-001084,2024-08-21,80053,J06.9,professional
CLM-002875,M-001084,2024-12-17,99214,J06.9,professional
CLM-002876,M-001085,2023-04-27,99213,I11.9,professional
CLM-002877,M-001085,2024-07-08,3074F,I10,professional
CLM-002878,M-001085,2024-01-13,99213,I10,professional
CLM-002879,M-001085,2024-10-17,99213,M54.5,professional
CLM-002880,M-001085,2024-08-21,80053,J06.9,professional
CLM-002881,M-001087,2023-01-14,99213,I12.9,professional
CLM-002882,M-001087,2024-11-08,3075F,I10,professional
CLM-002883,M-001088,2024-08-27,99213,E11.9,professional
CLM-002884,M-001089,2023-03-14,99213,I11.9,professional
CLM-002885,M-001089,2024-09-06,3074F,I10,professional
CLM-002886,M-001089,2024-04-26,80053,I10,professional
CLM-002887,M-001089,2024-12-27,99214,J06.9,professional
CLM-002888,M-001089,2024-03-10,80053,I10,professional
CLM-002889,M-001090,2024-10-05,99213,E11.9,professional
CLM-002890,M-001090,2024-04-03,99213,J06.9,professional
CLM-002891,M-001091,2024-01-22,3074F,I10,professional
CLM-002892,M-001092,2023-09-16,99213,I10,professional
CLM-002893,M-001094,2023-01-04,99213,I12.9,professional
CLM-002894,M-001094,2024-10-04,3075F,I10,professional
CLM-002895,M-001094,2024-09-15,99213,M54.5,professional
CLM-002896,M-001094,2024-02-24,80053,M54.5,professional
CLM-002897,M-001095,2023-07-04,99213,I12.9,professional
CLM-002898,M-001096,2024-07-19,3079F,I10,professional
CLM-002899,M-001096,2024-03-23,99214,I10,professional
CLM-002900,M-001097,2023-04-20,99213,I10,professional
CLM-002901,M-001097,2024-12-07,99214,I10,professional
CLM-002902,M-001097,2024-09-19,99213,M54.5,professional
CLM-002903,M-001098,2023-08-07,99213,I12.9,professional
CLM-002904,M-001098,2024-11-09,99213,M54.5,professional
CLM-002905,M-001100,2023-12-23,99213,I12.9,professional
CLM-002906,M-001100,2024-03-22,3075F,I10,professional
CLM-002907,M-001101,2023-12-08,99213,I11.9,professional
CLM-002908,M-001101,2024-04-05,3079F,I10,professional
CLM-002909,M-001101,2024-07-09,99213,J06.9,professional
CLM-002910,M-001101,2024-08-12,99214,J06.9,professional
CLM-002911,M-001101,2024-08-09,99213,I10,professional
CLM-002912,M-001102,2023-07-26,99213,I11.9,professional
CLM-002913,M-001103,2023-11-13,99213,I10,professional
CLM-002914,M-001103,2024-01-23,3079F,I10,professional
CLM-002915,M-001103,2024-01-12,99214,M54.5,professional
CLM-002916,M-001103,2024-08-15,99213,I10,professional
CLM-002917,M-001103,2024-10-01,99213,E11.9,professional
CLM-002918,M-001106,2023-03-12,99213,I12.9,professional
CLM-002919,M-001106,2024-04-02,3078F,I10,professional
CLM-002920,M-001106,2024-03-08,99213,M54.5,professional
CLM-002921,M-001107,2023-08-05,99213,I11.9,professional
CLM-002922,M-001107,2024-11-07,99213,M54.5,professional
CLM-002923,M-001108,2023-02-12,99213,I11.9,professional
CLM-002924,M-001109,2023-04-12,99213,I10,professional
CLM-002925,M-001109,2024-11-22,80053,M54.5,professional
CLM-002926,M-001109,2024-06-16,80053,E11.9,professional
CLM-002927,M-001110,2023-10-11,99213,I12.9,professional
CLM-002928,M-001110,2024-08-01,3079F,I10,professional
CLM-002929,M-001110,2024-01-16,80053,J06.9,professional
CLM-002930,M-001111,2023-10-16,99213,I12.9,professional
CLM-002931,M-001111,2024-10-23,3075F,I10,professional
CLM-002932,M-001112,2023-02-20,99213,I12.9,professional
CLM-002933,M-001112,2024-06-28,3075F,I10,professional
CLM-002934,M-001112,2024-05-08,80053,M54.5,professional
CLM-002935,M-001112,2024-06-20,80053,M54.5,professional
CLM-002936,M-001112,2024-03-06,99213,I10,professional
CLM-002937,M-001113,2024-07-25,80053,J06.9,professional
CLM-002938,M-001114,2024-11-07,80053,I10,professional
CLM-002939,M-001114,2024-09-09,99213,J06.9,professional
CLM-002940,M-001115,2024-12-25,99214,I10,professional
CLM-002941,M-001116,2023-11-26,99213,I11.9,professional
CLM-002942,M-001117,2023-10-07,99213,I12.9,professional
CLM-002943,M-001117,2024-10-24,3079F,I10,professional
CLM-002944,M-001118,2023-06-13,99213,I11.9,professional
CLM-002945,M-001118,2024-06-04,80053,M54.5,professional
CLM-002946,M-001118,2024-10-09,80053,I10,professional
CLM-002947,M-001118,2024-11-09,99213,I10,professional
CLM-002948,M-001119,2024-04-27,3074F,I10,professional
CLM-002949,M-001119,2024-03-05,80053,J06.9,professional
CLM-002950,M-001119,2024-05-22,99214,I10,professional
CLM-002951,M-001119,2024-08-24,80053,J06.9,professional
CLM-002952,M-001120,2023-07-02,99213,I11.9,professional
CLM-002953,M-001120,2024-08-24,99214,I10,professional
CLM-002954,M-001120,2024-08-17,99214,I10,professional
CLM-002955,M-001122,2023-10-23,99213,I10,professional
CLM-002956,M-001123,2023-01-23,99213,I11.9,professional
CLM-002957,M-001123,2024-12-14,3074F,I10,professional
CLM-002958,M-001123,2024-04-12,99213,M54.5,professional
CLM-002959,M-001123,2024-09-09,99213,M54.5,professional
CLM-002960,M-001124,2023-03-21,99213,I11.9,professional
CLM-002961,M-001124,2024-06-22,99213,J06.9,professional
CLM-002962,M-001124,2024-01-20,99214,J06.9,professional
CLM-002963,M-001125,2023-11-08,99213,I12.9,professional
CLM-002964,M-001125,2024-02-04,80053,I10,professional
CLM-002965,M-001125,2024-07-08,99214,E11.9,professional
CLM-002966,M-001126,2024-11-26,80053,I10,professional
CLM-002967,M-001127,2024-09-13,3074F,I10,professional
CLM-002968,M-001127,2024-11-26,80053,E11.9,professional
CLM-002969,M-001128,2023-12-28,99213,I11.9,professional
CLM-002970,M-001128,2024-09-20,3079F,I10,professional
CLM-002971,M-001129,2023-09-02,99213,I11.9,professional
CLM-002972,M-001129,2024-06-23,99214,E11.9,professional
CLM-002973,M-001129,2024-08-26,80053,E11.9,professional
CLM-002974,M-001130,2023-08-01,99213,I10,professional
CLM-002975,M-001131,2023-07-20,99213,I12.9,professional
CLM-002976,M-001131,2024-09-14,80053,M54.5,professional
CLM-002977,M-001131,2024-01-12,99214,I10,professional
CLM-002978,M-001132,2023-01-13,99213,I11.9,professional
CLM-002979,M-001132,2024-12-25,80053,E11.9,professional
CLM-002980,M-001132,2024-02-09,99213,M54.5,professional
CLM-002981,M-001133,2023-02-15,99213,I12.9,professional
CLM-002982,M-001133,2024-09-06,3078F,I10,professional
CLM-002983,M-001133,2024-10-27,99214,J06.9,professional
CLM-002984,M-001134,2023-05-27,99213,I10,professional
CLM-002985,M-001134,2024-09-16,99214,I10,professional
CLM-002986,M-001135,2023-04-14,99213,I11.9,professional
CLM-002987,M-001135,2024-03-08,80053,J06.9,professional
CLM-002988,M-001136,2023-03-23,99213,I11.9,professional
CLM-002989,M-001136,2024-11-03,80053,M54.5,professional
CLM-002990,M-001137,2023-11-12,99213,I11.9,professional
CLM-002991,M-001137,2024-05-23,99213,E11.9,professional
CLM-002992,M-001138,2023-02-12,99213,I11.9,professional
CLM-002993,M-001139,2023-05-16,99213,I12.9,professional
CLM-002994,M-001139,2024-01-28,3074F,I10,professional
CLM-002995,M-001139,2024-07-24,99213,E11.9,professional
CLM-002996,M-001139,2024-01-06,99214,J06.9,professional
CLM-002997,M-001139,2024-10-09,99213,I10,professional
CLM-002998,M-001140,2023-10-17,99213,I10,professional
CLM-002999,M-001140,2024-03-11,3075F,I10,professional
CLM-003000,M-001141,2023-12-02,99213,I12.9,professional
CLM-003001,M-001141,2024-11-15,80053,I10,professional
CLM-003002,M-001141,2024-08-17,99214,I10,professional
CLM-003003,M-001141,2024-04-23,99213,J06.9,professional
CLM-003004,M-001142,2023-11-10,99213,I12.9,professional
CLM-003005,M-001142,2024-06-16,99214,J06.9,professional
CLM-003006,M-001142,2024-11-25,99214,I10,professional
CLM-003007,M-001143,2024-03-18,3078F,I10,professional
CLM-003008,M-001144,2023-03-01,99213,I11.9,professional
CLM-003009,M-001144,2024-02-09,3078F,I10,professional
CLM-003010,M-001144,2024-05-14,99214,I10,professional
CLM-003011,M-001144,2024-01-08,80053,E11.9,professional
CLM-003012,M-001145,2024-06-18,80053,J06.9,professional
CLM-003013,M-001145,2024-09-20,99214,J06.9,professional
CLM-003014,M-001146,2023-11-25,99213,I11.9,professional
CLM-003015,M-001147,2023-03-24,99213,I10,professional
CLM-003016,M-001147,2024-10-17,99213,J06.9,professional
CLM-003017,M-001147,2024-02-07,99214,J06.9,professional
CLM-003018,M-001148,2023-08-09,99213,I10,professional
CLM-003019,M-001148,2024-06-12,3078F,I10,professional
CLM-003020,M-001148,2024-08-06,80053,M54.5,professional
CLM-003021,M-001148,2024-08-24,99213,M54.5,professional
CLM-003022,M-001148,2024-05-23,80053,M54.5,professional
CLM-003023,M-001149,2023-02-01,99213,I10,professional
CLM-003024,M-001149,2024-01-09,80053,I10,professional
CLM-003025,M-001150,2024-11-02,3078F,I10,professional
CLM-003026,M-001150,2024-08-15,99213,J06.9,professional
CLM-003027,M-001150,2024-08-15,99214,J06.9,professional
CLM-003028,M-001151,2023-10-09,99213,I11.9,professional
CLM-003029,M-001151,2024-02-18,99213,M54.5,professional
CLM-003030,M-001152,2023-07-08,99213,I11.9,professional
CLM-003031,M-001152,2024-10-09,99213,J06.9,professional
CLM-003032,M-001153,2023-05-25,99213,I11.9,professional
CLM-003033,M-001153,2024-04-19,80053,M54.5,professional
CLM-003034,M-001153,2024-05-03,99214,I10,professional
CLM-003035,M-001155,2023-01-05,99213,I12.9,professional
CLM-003036,M-001155,2024-12-08,3075F,I10,professional
CLM-003037,M-001155,2024-05-06,80053,J06.9,professional
CLM-003038,M-001155,2024-08-21,80053,J06.9,professional
CLM-003039,M-001155,2024-09-02,80053,J06.9,professional
CLM-003040,M-001156,2024-10-21,99214,E11.9,professional
CLM-003041,M-001156,2024-10-23,99214,E11.9,professional
CLM-003042,M-001156,2024-07-17,80053,M54.5,professional
CLM-003043,M-001157,2023-10-04,99213,I12.9,professional
CLM-003044,M-001157,2024-05-03,99213,I10,professional
CLM-003045,M-001157,2024-12-21,99214,M54.5,professional
CLM-003046,M-001157,2024-12-06,80053,J06.9,professional
CLM-003047,M-001158,2023-10-13,99213,I10,professional
CLM-003048,M-001158,2024-09-10,80053,I10,professional
CLM-003049,M-001158,2024-03-28,99214,E11.9,professional
CLM-003050,M-001158,2024-04-23,99213,E11.9,professional
CLM-003051,M-001159,2023-01-20,99213,I12.9,professional
CLM-003052,M-001159,2024-08-24,3075F,I10,professional
CLM-003053,M-001159,2024-03-14,80053,M54.5,professional
CLM-003054,M-001159,2024-02-04,99213,J06.9,professional
CLM-003055,M-001159,2024-09-07,99213,E11.9,professional
CLM-003056,M-001160,2024-06-06,80053,J06.9,professional
CLM-003057,M-001160,2024-01-22,99214,I10,professional
CLM-003058,M-001161,2023-01-21,99213,I10,professional
CLM-003059,M-001161,2024-09-13,3074F,I10,professional
CLM-003060,M-001161,2024-10-03,80053,J06.9,professional
CLM-003061,M-001161,2024-12-20,99213,J06.9,professional
CLM-003062,M-001163,2023-04-27,99213,I10,professional
CLM-003063,M-001163,2024-01-25,99214,J06.9,professional
CLM-003064,M-001164,2023-10-23,99213,I12.9,professional
CLM-003065,M-001164,2024-12-04,3074F,I10,professional
CLM-003066,M-001164,2024-07-21,99214,M54.5,professional
CLM-003067,M-001164,2024-01-24,99213,E11.9,professional
CLM-003068,M-001164,2024-05-28,80053,J06.9,professional
CLM-003069,M-001165,2023-09-13,99213,I10,professional
CLM-003070,M-001165,2024-08-22,99213,E11.9,professional
CLM-003071,M-001165,2024-11-21,80053,I10,professional
CLM-003072,M-001165,2024-05-13,99214,E11.9,professional
CLM-003073,M-001166,2023-10-24,99213,I10,professional
CLM-003074,M-001166,2024-09-04,99214,M54.5,professional
CLM-003075,M-001166,2024-09-03,80053,M54.5,professional
CLM-003076,M-001166,2024-08-07,99214,I10,professional
CLM-003077,M-001167,2023-04-04,99213,I11.9,professional
CLM-003078,M-001167,2024-09-25,3079F,I10,professional
CLM-003079,M-001167,2024-03-06,80053,E11.9,professional
CLM-003080,M-001168,2023-03-01,99213,I11.9,professional
CLM-003081,M-001168,2024-03-24,99214,J06.9,professional
CLM-003082,M-001168,2024-08-20,99214,M54.5,professional
CLM-003083,M-001168,2024-12-21,99213,I10,professional
CLM-003084,M-001169,2023-02-13,99213,I10,professional
CLM-003085,M-001169,2024-07-05,80053,E11.9,professional
CLM-003086,M-001169,2024-11-10,80053,M54.5,professional
CLM-003087,M-001169,2024-08-19,99213,J06.9,professional
CLM-003088,M-001170,2024-02-25,80053,J06.9,professional
CLM-003089,M-001171,2023-09-26,99213,I11.9,professional
CLM-003090,M-001171,2024-08-07,99214,M54.5,professional
CLM-003091,M-001171,2024-12-12,80053,J06.9,professional
CLM-003092,M-001171,2024-02-06,80053,M54.5,professional
CLM-003093,M-001172,2023-03-15,99213,I10,professional
CLM-003094,M-001172,2024-01-07,3078F,I10,professional
CLM-003095,M-001172,2024-03-22,99214,M54.5,professional
CLM-003096,M-001173,2023-03-14,99213,I12.9,professional
CLM-003097,M-001173,2024-11-27,3078F,I10,professional
CLM-003098,M-001173,2024-10-25,99214,J06.9,professional
CLM-003099,M-001173,2024-05-27,99214,I10,professional
CLM-003100,M-001173,2024-03-16,99214,E11.9,professional
CLM-003101,M-001174,2023-11-17,99213,I11.9,professional
CLM-003102,M-001174,2024-06-23,80053,J06.9,professional
CLM-003103,M-001175,2023-07-18,99213,I10,professional
CLM-003104,M-001175,2024-03-15,80053,I10,professional
CLM-003105,M-001175,2024-06-08,99214,M54.5,professional
CLM-003106,M-001175,2024-02-25,80053,E11.9,professional
CLM-003107,M-001176,2023-12-22,99213,I12.9,professional
CLM-003108,M-001176,2024-09-26,3075F,I10,professional
CLM-003109,M-001176,2024-06-21,99213,I10,professional
CLM-003110,M-001177,2023-01-08,99213,I11.9,professional
CLM-003111,M-001177,2024-06-01,3075F,I10,professional
CLM-003112,M-001177,2024-03-27,80053,M54.5,professional
CLM-003113,M-001178,2024-01-13,99214,J06.9,professional
CLM-003114,M-001179,2023-01-05,99213,I11.9,professional
CLM-003115,M-001179,2024-05-15,3074F,I10,professional
CLM-003116,M-001179,2024-08-04,99213,J06.9,professional
CLM-003117,M-001180,2023-03-14,99213,I10,professional
CLM-003118,M-001180,2024-03-12,3079F,I10,professional
CLM-003119,M-001180,2024-01-27,99214,M54.5,professional
CLM-003120,M-001180,2024-09-04,80053,I10,professional
CLM-003121,M-001180,2024-11-24,80053,M54.5,professional
CLM-003122,M-001181,2023-01-11,99213,I11.9,professional
CLM-003123,M-001181,2024-12-27,3079F,I10,professional
CLM-003124,M-001181,2024-03-18,80053,J06.9,professional
CLM-003125,M-001181,2024-02-28,99213,J06.9,professional
CLM-003126,M-001182,2023-10-22,99213,I10,professional
CLM-003127,M-001182,2024-10-14,3078F,I10,professional
CLM-003128,M-001182,2024-05-18,80053,E11.9,professional
CLM-003129,M-001183,2023-10-10,99213,I12.9,professional
CLM-003130,M-001183,2024-11-06,80053,J06.9,professional
CLM-003131,M-001183,2024-03-27,80053,I10,professional
CLM-003132,M-001183,2024-07-21,80053,M54.5,professional
CLM-003133,M-001184,2023-07-13,99213,I10,professional
CLM-003134,M-001184,2024-05-14,99213,E11.9,professional
CLM-003135,M-001184,2024-12-17,99214,I10,professional
CLM-003136,M-001186,2023-01-12,99213,I12.9,professional
CLM-003137,M-001186,2024-09-22,99214,E11.9,professional
CLM-003138,M-001187,2023-09-17,99213,I11.9,professional
CLM-003139,M-001187,2024-05-11,3078F,I10,professional
CLM-003140,M-001188,2023-03-17,99213,I12.9,professional
CLM-003141,M-001188,2024-09-25,3078F,I10,professional
CLM-003142,M-001188,2024-03-14,80053,J06.9,professional
CLM-003143,M-001188,2024-01-01,99213,I10,professional
CLM-003144,M-001188,2024-10-18,99214,M54.5,professional
CLM-003145,M-001189,2023-12-01,99213,I10,professional
CLM-003146,M-001189,2024-12-20,99213,E11.9,professional
CLM-003147,M-001189,2024-01-20,99214,J06.9,professional
CLM-003148,M-001189,2024-01-01,99213,M54.5,professional
CLM-003149,M-001190,2024-02-06,3075F,I10,professional
CLM-003150,M-001190,2024-02-07,99213,M54.5,professional
CLM-003151,M-001191,2023-05-03,99213,I11.9,professional
CLM-003152,M-001191,2024-09-06,99213,E11.9,professional
CLM-003153,M-001191,2024-03-28,99213,J06.9,professional
CLM-003154,M-001193,2023-02-16,99213,I10,professional
CLM-003155,M-001193,2024-05-11,3075F,I10,professional
CLM-003156,M-001193,2024-10-06,99213,J06.9,professional
CLM-003157,M-001194,2023-12-13,99213,I12.9,professional
CLM-003158,M-001194,2024-09-06,3075F,I10,professional
CLM-003159,M-001194,2024-02-04,80053,M54.5,professional
CLM-003160,M-001195,2024-04-03,99213,E11.9,professional
CLM-003161,M-001196,2023-12-04,99213,I10,professional
CLM-003162,M-001197,2023-08-17,99213,I12.9,professional
CLM-003163,M-001197,2024-09-27,99213,E11.9,professional
CLM-003164,M-001197,2024-03-18,99214,E11.9,professional
CLM-003165,M-001197,2024-07-24,99214,E11.9,professional
CLM-003166,M-001198,2023-03-17,99213,I11.9,professional
CLM-003167,M-001198,2024-08-03,99214,I10,professional
CLM-003168,M-001198,2024-07-09,99214,I10,professional
CLM-003169,M-001198,2024-06-21,80053,I10,professional
CLM-003170,M-001199,2023-01-25,99213,I11.9,professional
CLM-003171,M-001199,2024-10-28,99214,M54.5,professional
CLM-003172,M-001199,2024-12-16,99214,M54.5,professional
CLM-003173,M-001199,2024-03-27,80053,E11.9,professional
CLM-003174,M-001200,2024-05-16,80053,I10,professional
