member_id,sex,dob,age_2024,age_band,primary_facility,has_diabetes_flag
M00001,F,2003-02-01,21,18-29,FAC-SOUTH,0
M00002,F,1937-05-24,87,75+,FAC-NORTH,0
M00003,F,1995-03-04,29,18-29,FAC-CENTRAL,0
M00004,F,1935-03-29,89,75+,FAC-CENTRAL,0
M00005,M,1977-11-10,47,45-59,FAC-NORTH,0
M00006,F,1952-01-11,72,60-74,FAC-SOUTH,0
M00007,M,1993-05-07,31,30-44,FAC-EAST,0
M00008,M,1973-06-06,51,45-59,FAC-CENTRAL,0
M00009,F,1958-05-23,66,60-74,FAC-CENTRAL,0
M00010,M,1981-07-01,43,30-44,FAC-SOUTH,1
M00011,M,1996-02-24,28,18-29,FAC-WEST,0
M00012,M,1947-08-14,77,75+,FAC-SOUTH,0
M00013,M,1961-03-16,63,60-74,FAC-NORTH,0
M00014,F,1938-03-04,86,75+,FAC-WEST,1
M00015,M,1935-03-18,89,75+,FAC-NORTH,0
M00016,F,2002-01-11,22,18-29,FAC-NORTH,0
M00017,F,1934-01-28,90,75+,FAC-WEST,1
M00018,M,1948-04-22,76,75+,FAC-SOUTH,0
M00019,M,1951-09-09,73,60-74,FAC-SOUTH,0
M00020,F,1940-10-27,84,75+,FAC-NORTH,1
M00021,F,1986-08-08,38,30-44,FAC-WEST,0
M00022,F,1956-12-19,68,60-74,FAC-WEST,0
M00023,M,1936-07-02,88,75+,FAC-NORTH,0
M00024,M,1963-05-05,61,60-74,FAC-SOUTH,0
M00025,M,2006-02-06,18,18-29,FAC-SOUTH,0
M00026,F,1967-08-07,57,45-59,FAC-SOUTH,0
M00027,F,1959-04-11,65,60-74,FAC-CENTRAL,0
M00028,F,1964-10-23,60,60-74,FAC-EAST,1
M00029,M,1976-05-29,48,45-59,FAC-CENTRAL,0
M00030,F,1995-10-18,29,18-29,FAC-CENTRAL,0
M00031,F,1989-07-22,35,30-44,FAC-CENTRAL,0
M00032,F,1972-10-01,52,45-59,FAC-WEST,0
M00033,F,1936-07-19,88,75+,FAC-EAST,1
M00034,M,1958-11-20,66,60-74,FAC-WEST,0
M00035,F,1975-03-05,49,45-59,FAC-NORTH,1
M00036,F,1978-06-24,46,45-59,FAC-NORTH,1
M00037,F,1998-06-06,26,18-29,FAC-NORTH,0
M00038,F,1970-07-22,54,45-59,FAC-CENTRAL,0
M00039,F,1946-03-03,78,75+,FAC-WEST,0
M00040,F,1994-05-05,30,30-44,FAC-EAST,0
M00041,M,1953-11-06,71,60-74,FAC-NORTH,0
M00042,F,1998-11-28,26,18-29,FAC-NORTH,0
M00043,F,1982-03-21,42,30-44,FAC-SOUTH,0
M00044,M,1983-02-04,41,30-44,FAC-NORTH,0
M00045,M,1936-05-18,88,75+,FAC-CENTRAL,1
M00046,F,1995-02-22,29,18-29,FAC-WEST,0
M00047,M,1978-12-04,46,45-59,FAC-SOUTH,0
M00048,M,2005-12-03,19,18-29,FAC-WEST,0
M00049,M,1951-07-13,73,60-74,FAC-CENTRAL,0
M00050,M,1987-03-20,37,30-44,FAC-NORTH,0
M00051,F,1966-06-01,58,45-59,FAC-WEST,1
M00052,F,1998-10-05,26,18-29,FAC-SOUTH,0
M00053,F,1997-07-12,27,18-29,FAC-WEST,0
M00054,F,1934-03-04,90,75+,FAC-NORTH,0
M00055,F,1952-08-01,72,60-74,FAC-CENTRAL,0
M00056,M,1973-03-16,51,45-59,FAC-EAST,0
M00057,F,1972-12-08,52,45-59,FAC-EAST,1
M00058,M,1966-05-24,58,45-59,FAC-CENTRAL,1
M00059,F,1996-09-20,28,18-29,FAC-EAST,0
M00060,F,1962-05-27,62,60-74,FAC-EAST,0
M00061,M,1985-11-13,39,30-44,FAC-EAST,0
M00062,F,1936-02-05,88,75+,FAC-NORTH,0
M00063,F,1973-04-30,51,45-59,FAC-CENTRAL,0
M00064,F,1972-02-05,52,45-59,FAC-EAST,0
M00065,F,1972-10-13,52,45-59,FAC-NORTH,0
M00066,F,1952-02-13,72,60-74,FAC-EAST,1
M00067,F,1973-04-07,51,45-59,FAC-CENTRAL,0
M00068,M,1935-07-04,89,75+,FAC-SOUTH,1
M00069,F,1958-09-07,66,60-74,FAC-WEST,0
M00070,F,2001-01-15,23,18-29,FAC-NORTH,0
M00071,M,1979-07-13,45,45-59,FAC-NORTH,0
M00072,M,1934-12-12,90,75+,FAC-SOUTH,0
M00073,F,1986-03-27,38,30-44,FAC-NORTH,0
M00074,F,1963-12-03,61,60-74,FAC-SOUTH,0
M00075,M,1985-07-01,39,30-44,FAC-NORTH,0
M00076,M,1978-03-17,46,45-59,FAC-WEST,0
M00077,M,1967-03-06,57,45-59,FAC-SOUTH,0
M00078,M,1964-02-09,60,60-74,FAC-EAST,0
M00079,M,1940-12-14,84,75+,FAC-CENTRAL,0
M00080,M,2003-04-23,21,18-29,FAC-EAST,0
M00081,F,1973-06-09,51,45-59,FAC-WEST,1
M00082,M,1965-11-19,59,45-59,FAC-CENTRAL,0
M00083,F,1956-09-10,68,60-74,FAC-NORTH,1
M00084,M,2005-09-27,19,18-29,FAC-CENTRAL,0
M00085,F,1959-11-24,65,60-74,FAC-EAST,1
M00086,M,1991-01-22,33,30-44,FAC-WEST,0
M00087,M,1954-07-12,70,60-74,FAC-SOUTH,0
M00088,F,1952-07-28,72,60-74,FAC-SOUTH,0
M00089,M,1954-09-26,70,60-74,FAC-EAST,0
M00090,M,1979-11-19,45,45-59,FAC-CENTRAL,0
M00091,M,1946-11-21,78,75+,FAC-SOUTH,0
M00092,M,1984-07-23,40,30-44,FAC-CENTRAL,0
M00093,M,1995-02-23,29,18-29,FAC-SOUTH,0
M00094,F,1988-06-12,36,30-44,FAC-WEST,1
M00095,F,1947-12-05,77,75+,FAC-CENTRAL,0
M00096,F,1956-10-22,68,60-74,FAC-SOUTH,0
M00097,F,1992-11-18,32,30-44,FAC-CENTRAL,0
M00098,M,1999-09-10,25,18-29,FAC-NORTH,0
M00099,M,1988-10-30,36,30-44,FAC-CENTRAL,0
M00100,M,1949-08-25,75,75+,FAC-CENTRAL,0
M00101,M,1935-11-22,89,75+,FAC-WEST,0
M00102,M,1973-02-22,51,45-59,FAC-EAST,0
M00103,M,1976-02-08,48,45-59,FAC-EAST,0
M00104,F,1972-01-09,52,45-59,FAC-CENTRAL,0
M00105,F,1989-04-08,35,30-44,FAC-SOUTH,0
M00106,F,1997-11-22,27,18-29,FAC-CENTRAL,0
M00107,M,1953-06-02,71,60-74,FAC-WEST,1
M00108,M,2003-08-31,21,18-29,FAC-NORTH,0
M00109,M,1967-12-13,57,45-59,FAC-WEST,0
M00110,F,1944-03-15,80,75+,FAC-WEST,0
M00111,F,1957-01-11,67,60-74,FAC-WEST,0
M00112,F,1947-05-01,77,75+,FAC-CENTRAL,0
M00113,F,1955-09-03,69,60-74,FAC-NORTH,0
M00114,F,1952-04-25,72,60-74,FAC-SOUTH,0
M00115,F,1972-12-16,52,45-59,FAC-WEST,0
M00116,M,1962-12-19,62,60-74,FAC-WEST,0
M00117,M,1995-10-26,29,18-29,FAC-CENTRAL,1
M00118,F,1962-03-09,62,60-74,FAC-NORTH,0
M00119,F,1975-03-18,49,45-59,FAC-CENTRAL,0
M00120,F,1976-04-24,48,45-59,FAC-NORTH,0
M00121,F,1946-07-12,78,75+,FAC-EAST,0
M00122,F,1992-04-01,32,30-44,FAC-NORTH,0
M00123,F,1966-09-09,58,45-59,FAC-WEST,0
M00124,M,1981-05-19,43,30-44,FAC-SOUTH,0
M00125,F,1967-07-15,57,45-59,FAC-NORTH,0
M00126,F,1961-10-02,63,60-74,FAC-EAST,0
M00127,F,1941-08-09,83,75+,FAC-WEST,0
M00128,M,1992-11-14,32,30-44,FAC-WEST,0
M00129,F,1951-04-05,73,60-74,FAC-EAST,0
M00130,M,1946-11-24,78,75+,FAC-CENTRAL,0
M00131,M,1965-02-25,59,45-59,FAC-NORTH,0
M00132,M,1949-03-02,75,75+,FAC-CENTRAL,0
M00133,M,1963-06-17,61,60-74,FAC-EAST,0
M00134,F,1944-03-19,80,75+,FAC-EAST,0
M00135,M,1970-08-28,54,45-59,FAC-EAST,0
M00136,F,1940-03-31,84,75+,FAC-WEST,1
M00137,M,1935-03-07,89,75+,FAC-WEST,0
M00138,M,2004-05-04,20,18-29,FAC-WEST,0
M00139,F,1966-07-26,58,45-59,FAC-WEST,0
M00140,M,1951-09-26,73,60-74,FAC-WEST,0
M00141,M,1967-02-22,57,45-59,FAC-SOUTH,0
M00142,M,1990-09-23,34,30-44,FAC-SOUTH,0
M00143,F,1978-10-23,46,45-59,FAC-CENTRAL,0
M00144,M,1994-03-16,30,30-44,FAC-EAST,0
M00145,F,1968-06-22,56,45-59,FAC-SOUTH,0
M00146,M,2001-05-25,23,18-29,FAC-SOUTH,0
M00147,M,1993-06-17,31,30-44,FAC-WEST,0
M00148,M,1950-01-11,74,60-74,FAC-NORTH,1
M00149,M,1945-05-08,79,75+,FAC-WEST,0
M00150,M,1996-08-31,28,18-29,FAC-NORTH,0
M00151,F,1986-09-10,38,30-44,FAC-NORTH,0
M00152,F,1990-09-12,34,30-44,FAC-CENTRAL,0
M00153,F,1939-12-25,85,75+,FAC-WEST,0
M00154,M,1952-01-29,72,60-74,FAC-NORTH,0
M00155,F,1979-08-11,45,45-59,FAC-NORTH,1
M00156,F,1976-03-31,48,45-59,FAC-SOUTH,0
M00157,F,1953-11-15,71,60-74,FAC-WEST,0
M00158,M,2002-02-23,22,18-29,FAC-EAST,0
M00159,M,1996-07-06,28,18-29,FAC-EAST,0
M00160,F,1952-05-06,72,60-74,FAC-SOUTH,0
M00161,M,1988-05-19,36,30-44,FAC-EAST,1
M00162,M,1950-05-02,74,60-74,FAC-EAST,0
M00163,M,1971-10-16,53,45-59,FAC-WEST,0
M00164,F,2000-11-12,24,18-29,FAC-CENTRAL,0
M00165,M,2003-05-06,21,18-29,FAC-CENTRAL,0
M00166,F,1971-09-07,53,45-59,FAC-SOUTH,1
M00167,M,1939-08-08,85,75+,FAC-EAST,0
M00168,F,1950-08-13,74,60-74,FAC-NORTH,0
M00169,M,1961-12-04,63,60-74,FAC-NORTH,0
M00170,F,1963-12-03,61,60-74,FAC-EAST,0
M00171,M,1936-06-19,88,75+,FAC-EAST,0
M00172,M,1965-05-02,59,45-59,FAC-WEST,0
M00173,F,1936-11-13,88,75+,FAC-SOUTH,0
M00174,M,1942-08-20,82,75+,FAC-NORTH,0
M00175,F,1971-09-21,53,45-59,FAC-EAST,1
M00176,M,1944-05-04,80,75+,FAC-CENTRAL,1
M00177,F,1986-01-17,38,30-44,FAC-CENTRAL,0
M00178,M,1995-02-28,29,18-29,FAC-NORTH,0
M00179,M,1990-07-28,34,30-44,FAC-WEST,0
M00180,M,1940-07-10,84,75+,FAC-WEST,0
M00181,M,1974-11-07,50,45-59,FAC-WEST,0
M00182,F,1941-04-28,83,75+,FAC-EAST,0
M00183,M,1962-10-15,62,60-74,FAC-NORTH,0
M00184,M,1967-09-03,57,45-59,FAC-WEST,0
M00185,F,1948-10-02,76,75+,FAC-EAST,0
M00186,M,1948-01-22,76,75+,FAC-SOUTH,0
M00187,M,1976-11-29,48,45-59,FAC-WEST,1
M00188,M,1956-07-28,68,60-74,FAC-SOUTH,0
M00189,M,2002-04-18,22,18-29,FAC-CENTRAL,0
M00190,M,1993-11-10,31,30-44,FAC-WEST,0
M00191,F,1987-11-28,37,30-44,FAC-SOUTH,0
M00192,F,1946-02-20,78,75+,FAC-WEST,0
M00193,F,1963-07-21,61,60-74,FAC-WEST,0
M00194,M,1943-10-02,81,75+,FAC-NORTH,1
M00195,F,1970-03-05,54,45-59,FAC-WEST,0
M00196,F,1993-11-08,31,30-44,FAC-EAST,0
M00197,F,2001-01-06,23,18-29,FAC-EAST,0
M00198,M,1958-11-24,66,60-74,FAC-CENTRAL,1
M00199,M,1933-07-24,91,75+,FAC-SOUTH,0
M00200,F,1995-08-15,29,18-29,FAC-CENTRAL,0
M00201,F,1942-09-11,82,75+,FAC-WEST,1
M00202,M,1948-02-25,76,75+,FAC-WEST,0
M00203,M,1937-04-18,87,75+,FAC-EAST,1
M00204,M,1951-07-16,73,60-74,FAC-EAST,0
M00205,F,1956-10-28,68,60-74,FAC-WEST,1
M00206,M,1968-07-06,56,45-59,FAC-WEST,0
M00207,M,2004-09-04,20,18-29,FAC-NORTH,0
M00208,M,1970-03-04,54,45-59,FAC-EAST,0
M00209,F,1981-08-13,43,30-44,FAC-SOUTH,0
M00210,F,2001-01-14,23,18-29,FAC-NORTH,0
M00211,M,1990-05-09,34,30-44,FAC-EAST,0
M00212,M,1984-03-15,40,30-44,FAC-CENTRAL,0
M00213,M,1938-10-24,86,75+,FAC-SOUTH,0
M00214,M,1945-02-04,79,75+,FAC-EAST,0
M00215,F,1947-05-28,77,75+,FAC-SOUTH,1
M00216,M,1935-01-02,89,75+,FAC-WEST,1
M00217,F,1972-09-27,52,45-59,FAC-EAST,1
M00218,M,1957-08-10,67,60-74,FAC-NORTH,0
M00219,F,1946-06-23,78,75+,FAC-CENTRAL,0
M00220,M,1977-07-31,47,45-59,FAC-WEST,1
M00221,M,1954-05-05,70,60-74,FAC-NORTH,1
M00222,M,1943-05-08,81,75+,FAC-CENTRAL,1
M00223,F,1956-11-12,68,60-74,FAC-CENTRAL,0
M00224,M,1986-11-25,38,30-44,FAC-WEST,0
M00225,M,1971-06-13,53,45-59,FAC-SOUTH,0
M00226,M,1950-03-06,74,60-74,FAC-NORTH,0
M00227,M,1936-08-11,88,75+,FAC-WEST,0
M00228,M,1982-04-25,42,30-44,FAC-WEST,0
M00229,F,1978-08-03,46,45-59,FAC-NORTH,0
M00230,F,1964-02-27,60,60-74,FAC-CENTRAL,0
M00231,F,1997-09-12,27,18-29,FAC-SOUTH,0
M00232,F,1964-04-16,60,60-74,FAC-CENTRAL,0
M00233,F,1971-04-16,53,45-59,FAC-CENTRAL,0
M00234,M,1984-04-30,40,30-44,FAC-NORTH,0
M00235,F,2004-12-19,20,18-29,FAC-SOUTH,0
M00236,M,2004-03-23,20,18-29,FAC-SOUTH,0
M00237,M,1939-05-10,85,75+,FAC-WEST,0
M00238,M,1959-10-13,65,60-74,FAC-WEST,0
M00239,F,2000-07-19,24,18-29,FAC-WEST,0
M00240,F,1998-10-20,26,18-29,FAC-WEST,0
M00241,F,1943-07-07,81,75+,FAC-NORTH,0
M00242,F,1964-08-23,60,60-74,FAC-SOUTH,1
M00243,M,1935-07-09,89,75+,FAC-CENTRAL,0
M00244,M,1947-10-20,77,75+,FAC-NORTH,0
M00245,F,1936-03-19,88,75+,FAC-SOUTH,0
M00246,M,1962-11-11,62,60-74,FAC-NORTH,0
M00247,M,1952-01-25,72,60-74,FAC-EAST,0
M00248,F,1946-06-01,78,75+,FAC-NORTH,1
M00249,F,1951-05-16,73,60-74,FAC-EAST,0
M00250,F,1935-06-08,89,75+,FAC-CENTRAL,0
M00251,M,1990-11-26,34,30-44,FAC-WEST,0
M00252,F,1969-08-26,55,45-59,FAC-NORTH,0
M00253,F,1986-07-24,38,30-44,FAC-NORTH,0
M00254,M,1935-01-01,89,75+,FAC-EAST,1
M00255,F,1951-09-20,73,60-74,FAC-CENTRAL,0
M00256,F,1972-06-14,52,45-59,FAC-EAST,1
M00257,M,1962-06-28,62,60-74,FAC-SOUTH,1
M00258,M,1998-04-11,26,18-29,FAC-NORTH,0
M00259,F,1939-03-19,85,75+,FAC-WEST,0
M00260,M,1985-12-18,39,30-44,FAC-EAST,0
M00261,F,2000-04-03,24,18-29,FAC-CENTRAL,0
M00262,F,1996-02-04,28,18-29,FAC-WEST,0
M00263,M,1949-12-04,75,75+,FAC-CENTRAL,0
M00264,F,1961-11-23,63,60-74,FAC-CENTRAL,1
M00265,M,1938-07-31,86,75+,FAC-SOUTH,0
M00266,M,1999-06-19,25,18-29,FAC-SOUTH,0
M00267,F,1974-01-31,50,45-59,FAC-NORTH,0
M00268,M,1951-04-06,73,60-74,FAC-CENTRAL,1
M00269,F,1941-09-23,83,75+,FAC-EAST,0
M00270,F,1956-06-11,68,60-74,FAC-WEST,0
M00271,F,1965-09-09,59,45-59,FAC-WEST,0
M00272,M,1969-05-02,55,45-59,FAC-EAST,0
M00273,F,1947-07-17,77,75+,FAC-NORTH,0
M00274,M,1993-02-19,31,30-44,FAC-WEST,0
M00275,F,1956-01-26,68,60-74,FAC-SOUTH,0
M00276,M,1985-05-17,39,30-44,FAC-NORTH,0
M00277,F,1962-01-03,62,60-74,FAC-SOUTH,0
M00278,F,1993-04-10,31,30-44,FAC-SOUTH,0
M00279,F,1997-03-24,27,18-29,FAC-WEST,0
M00280,M,1933-09-15,91,75+,FAC-CENTRAL,0
M00281,M,1966-04-14,58,45-59,FAC-WEST,0
M00282,M,1968-02-10,56,45-59,FAC-EAST,0
M00283,F,1966-11-06,58,45-59,FAC-NORTH,0
M00284,M,1970-05-21,54,45-59,FAC-NORTH,0
M00285,M,1946-09-11,78,75+,FAC-NORTH,0
M00286,M,1982-01-13,42,30-44,FAC-CENTRAL,0
M00287,F,1998-11-04,26,18-29,FAC-EAST,0
M00288,F,1941-08-10,83,75+,FAC-SOUTH,1
M00289,M,1949-10-09,75,75+,FAC-SOUTH,0
M00290,M,1959-02-08,65,60-74,FAC-EAST,0
M00291,F,1964-05-28,60,60-74,FAC-CENTRAL,0
M00292,M,1970-02-20,54,45-59,FAC-CENTRAL,0
M00293,F,1964-05-20,60,60-74,FAC-SOUTH,0
M00294,M,1966-07-30,58,45-59,FAC-WEST,0
M00295,F,1996-01-16,28,18-29,FAC-EAST,0
M00296,F,1939-05-21,85,75+,FAC-WEST,0
M00297,M,2003-12-18,21,18-29,FAC-SOUTH,0
M00298,M,1944-03-29,80,75+,FAC-SOUTH,0
M00299,F,1997-01-22,27,18-29,FAC-NORTH,0
M00300,F,1962-08-19,62,60-74,FAC-WEST,1
M00301,F,1986-03-25,38,30-44,FAC-CENTRAL,0
M00302,F,1950-06-12,74,60-74,FAC-SOUTH,0
M00303,M,1969-11-12,55,45-59,FAC-SOUTH,0
M00304,M,1946-03-28,78,75+,FAC-CENTRAL,0
M00305,M,1947-02-11,77,75+,FAC-CENTRAL,0
M00306,M,1986-03-15,38,30-44,FAC-SOUTH,0
M00307,M,1999-07-29,25,18-29,FAC-EAST,0
M00308,F,1940-05-04,84,75+,FAC-SOUTH,0
M00309,M,1948-10-15,76,75+,FAC-WEST,1
M00310,F,1977-11-09,47,45-59,FAC-NORTH,0
M00311,M,1999-12-02,25,18-29,FAC-SOUTH,0
M00312,M,1995-12-14,29,18-29,FAC-EAST,0
M00313,F,1964-04-17,60,60-74,FAC-EAST,1
M00314,M,1988-06-28,36,30-44,FAC-CENTRAL,0
M00315,F,1996-06-13,28,18-29,FAC-SOUTH,0
M00316,M,1992-01-28,32,30-44,FAC-NORTH,0
M00317,F,1975-11-26,49,45-59,FAC-CENTRAL,0
M00318,M,1998-04-27,26,18-29,FAC-WEST,0
M00319,F,1940-09-15,84,75+,FAC-SOUTH,0
M00320,M,1952-07-03,72,60-74,FAC-SOUTH,0
M00321,M,1982-07-21,42,30-44,FAC-CENTRAL,0
M00322,M,1997-09-26,27,18-29,FAC-CENTRAL,0
M00323,F,1956-11-04,68,60-74,FAC-WEST,1
M00324,M,1974-06-20,50,45-59,FAC-NORTH,0
M00325,M,1975-07-27,49,45-59,FAC-CENTRAL,0
M00326,M,1989-06-02,35,30-44,FAC-EAST,0
M00327,F,1946-07-14,78,75+,FAC-SOUTH,0
M00328,F,1997-10-31,27,18-29,FAC-SOUTH,1
M00329,F,1981-06-05,43,30-44,FAC-EAST,0
M00330,M,1936-11-07,88,75+,FAC-SOUTH,0
M00331,M,1961-06-07,63,60-74,FAC-EAST,0
M00332,M,1990-12-18,34,30-44,FAC-WEST,0
M00333,M,1957-01-10,67,60-74,FAC-WEST,0
M00334,M,1958-10-10,66,60-74,FAC-NORTH,0
M00335,M,1995-11-15,29,18-29,FAC-SOUTH,0
M00336,M,1965-05-09,59,45-59,FAC-EAST,1
M00337,M,1948-08-30,76,75+,FAC-SOUTH,0
M00338,M,1961-11-15,63,60-74,FAC-EAST,1
M00339,M,1970-08-06,54,45-59,FAC-NORTH,0
M00340,F,1954-12-29,70,60-74,FAC-SOUTH,0
M00341,F,1987-08-18,37,30-44,FAC-WEST,0
M00342,F,1990-05-21,34,30-44,FAC-EAST,0
M00343,M,1956-09-15,68,60-74,FAC-SOUTH,1
M00344,M,1958-12-24,66,60-74,FAC-NORTH,0
M00345,F,1939-01-01,85,75+,FAC-EAST,0
M00346,F,1992-06-10,32,30-44,FAC-WEST,0
M00347,M,1935-05-09,89,75+,FAC-EAST,0
M00348,M,1978-08-18,46,45-59,FAC-WEST,0
M00349,F,1991-04-16,33,30-44,FAC-WEST,0
M00350,F,1950-05-21,74,60-74,FAC-EAST,0
M00351,M,1997-09-14,27,18-29,FAC-EAST,0
M00352,F,1983-12-23,41,30-44,FAC-NORTH,0
M00353,F,1989-02-23,35,30-44,FAC-NORTH,0
M00354,M,1935-09-18,89,75+,FAC-CENTRAL,0
M00355,F,1995-05-21,29,18-29,FAC-WEST,0
M00356,M,1953-09-12,71,60-74,FAC-EAST,1
M00357,F,1948-11-08,76,75+,FAC-EAST,0
M00358,F,1935-08-15,89,75+,FAC-SOUTH,0
M00359,M,1942-06-08,82,75+,FAC-CENTRAL,0
M00360,F,1968-04-06,56,45-59,FAC-SOUTH,1
M00361,M,1940-02-12,84,75+,FAC-EAST,0
M00362,F,1936-02-18,88,75+,FAC-EAST,1
M00363,F,1941-08-12,83,75+,FAC-CENTRAL,1
M00364,F,1984-07-23,40,30-44,FAC-CENTRAL,0
M00365,M,1934-06-17,90,75+,FAC-NORTH,0
M00366,F,2000-07-28,24,18-29,FAC-EAST,0
M00367,F,1952-08-21,72,60-74,FAC-WEST,0
M00368,M,1967-10-26,57,45-59,FAC-WEST,0
M00369,M,1948-05-28,76,75+,FAC-SOUTH,0
M00370,M,1952-10-29,72,60-74,FAC-EAST,0
M00371,F,1966-01-18,58,45-59,FAC-EAST,0
M00372,M,1989-12-17,35,30-44,FAC-NORTH,0
M00373,M,1975-11-02,49,45-59,FAC-WEST,1
M00374,F,1988-05-06,36,30-44,FAC-WEST,1
M00375,M,1975-04-08,49,45-59,FAC-CENTRAL,0
M00376,M,1982-04-06,42,30-44,FAC-CENTRAL,0
M00377,M,1943-01-30,81,75+,FAC-NORTH,0
M00378,M,1941-11-14,83,75+,FAC-SOUTH,0
M00379,M,2000-05-27,24,18-29,FAC-CENTRAL,0
M00380,M,1969-09-28,55,45-59,FAC-NORTH,1
M00381,M,1989-02-09,35,30-44,FAC-WEST,0
M00382,M,2000-11-28,24,18-29,FAC-CENTRAL,1
M00383,F,1959-09-22,65,60-74,FAC-WEST,0
M00384,M,1936-02-15,88,75+,FAC-CENTRAL,0
M00385,F,1990-05-06,34,30-44,FAC-EAST,0
M00386,M,1988-03-15,36,30-44,FAC-WEST,0
M00387,F,2001-06-02,23,18-29,FAC-EAST,0
M00388,M,1939-11-16,85,75+,FAC-CENTRAL,1
M00389,F,1964-08-21,60,60-74,FAC-WEST,0
M00390,M,1962-10-15,62,60-74,FAC-CENTRAL,0
M00391,M,1934-02-05,90,75+,FAC-NORTH,0
M00392,M,1963-07-22,61,60-74,FAC-WEST,1
M00393,M,2002-08-20,22,18-29,FAC-CENTRAL,0
M00394,F,1999-08-28,25,18-29,FAC-CENTRAL,0
M00395,M,1987-07-12,37,30-44,FAC-CENTRAL,0
M00396,F,1982-06-17,42,30-44,FAC-WEST,0
M00397,F,1953-07-15,71,60-74,FAC-CENTRAL,1
M00398,M,1998-06-26,26,18-29,FAC-SOUTH,0
M00399,M,1944-10-09,80,75+,FAC-SOUTH,0
M00400,M,1938-01-13,86,75+,FAC-EAST,0
M00401,M,1982-02-20,42,30-44,FAC-EAST,0
M00402,F,1968-02-03,56,45-59,FAC-WEST,0
M00403,M,1945-01-08,79,75+,FAC-EAST,0
M00404,M,1990-09-04,34,30-44,FAC-WEST,0
M00405,M,1962-04-18,62,60-74,FAC-EAST,0
M00406,F,1961-11-17,63,60-74,FAC-WEST,0
M00407,F,1980-09-24,44,30-44,FAC-CENTRAL,0
M00408,M,1989-04-30,35,30-44,FAC-CENTRAL,0
M00409,F,1975-06-03,49,45-59,FAC-CENTRAL,0
M00410,F,1977-06-01,47,45-59,FAC-EAST,1
M00411,M,1993-07-10,31,30-44,FAC-NORTH,0
M00412,F,1953-08-03,71,60-74,FAC-WEST,0
M00413,M,1981-01-30,43,30-44,FAC-NORTH,0
M00414,F,1976-09-27,48,45-59,FAC-NORTH,0
M00415,F,1953-04-04,71,60-74,FAC-NORTH,0
M00416,M,1943-04-02,81,75+,FAC-EAST,0
M00417,F,2005-01-19,19,18-29,FAC-NORTH,0
M00418,M,1969-11-09,55,45-59,FAC-CENTRAL,0
M00419,M,1988-10-09,36,30-44,FAC-SOUTH,0
M00420,F,1964-04-08,60,60-74,FAC-EAST,0
M00421,F,2004-12-30,20,18-29,FAC-CENTRAL,0
M00422,F,1983-08-18,41,30-44,FAC-WEST,0
M00423,M,1941-01-20,83,75+,FAC-NORTH,1
M00424,F,1988-10-23,36,30-44,FAC-SOUTH,0
M00425,F,1972-12-14,52,45-59,FAC-EAST,0
M00426,M,1967-09-05,57,45-59,FAC-NORTH,0
M00427,M,1959-07-13,65,60-74,FAC-NORTH,0
M00428,M,1967-04-10,57,45-59,FAC-CENTRAL,0
M00429,M,1990-08-01,34,30-44,FAC-EAST,0
M00430,M,1978-03-07,46,45-59,FAC-WEST,0
M00431,F,1947-08-29,77,75+,FAC-CENTRAL,0
M00432,M,1937-08-01,87,75+,FAC-SOUTH,0
M00433,F,1938-11-21,86,75+,FAC-EAST,0
M00434,F,1934-05-12,90,75+,FAC-CENTRAL,1
M00435,F,1938-04-22,86,75+,FAC-CENTRAL,1
M00436,M,1991-07-11,33,30-44,FAC-CENTRAL,0
M00437,M,1994-10-05,30,30-44,FAC-NORTH,0
M00438,M,1989-10-05,35,30-44,FAC-CENTRAL,0
M00439,F,1934-11-14,90,75+,FAC-EAST,0
M00440,F,1956-02-23,68,60-74,FAC-SOUTH,0
M00441,F,2000-11-17,24,18-29,FAC-NORTH,0
M00442,F,1997-10-24,27,18-29,FAC-WEST,1
M00443,F,1988-07-31,36,30-44,FAC-WEST,0
M00444,M,1957-11-15,67,60-74,FAC-WEST,0
M00445,M,1995-07-09,29,18-29,FAC-CENTRAL,0
M00446,F,1962-05-02,62,60-74,FAC-CENTRAL,1
M00447,M,1939-05-03,85,75+,FAC-SOUTH,0
M00448,F,2004-01-20,20,18-29,FAC-CENTRAL,0
M00449,M,1937-12-25,87,75+,FAC-SOUTH,0
M00450,M,1962-04-13,62,60-74,FAC-NORTH,0
M00451,F,1952-08-23,72,60-74,FAC-NORTH,0
M00452,F,1980-05-23,44,30-44,FAC-NORTH,0
M00453,M,2000-02-17,24,18-29,FAC-WEST,0
M00454,M,1976-09-24,48,45-59,FAC-NORTH,1
M00455,F,1942-02-08,82,75+,FAC-CENTRAL,0
M00456,M,1965-03-01,59,45-59,FAC-SOUTH,0
M00457,F,1954-01-31,70,60-74,FAC-CENTRAL,0
M00458,F,1951-09-23,73,60-74,FAC-EAST,0
M00459,M,1939-01-25,85,75+,FAC-WEST,0
M00460,F,1967-12-20,57,45-59,FAC-CENTRAL,1
M00461,M,1976-03-04,48,45-59,FAC-SOUTH,0
M00462,M,1998-09-08,26,18-29,FAC-WEST,0
M00463,F,1957-02-28,67,60-74,FAC-EAST,0
M00464,F,1948-12-27,76,75+,FAC-SOUTH,1
M00465,F,1971-12-18,53,45-59,FAC-CENTRAL,0
M00466,F,1997-03-18,27,18-29,FAC-CENTRAL,0
M00467,F,1945-03-21,79,75+,FAC-EAST,0
M00468,M,2005-03-04,19,18-29,FAC-NORTH,0
M00469,M,1974-07-07,50,45-59,FAC-SOUTH,0
M00470,M,1975-09-19,49,45-59,FAC-EAST,0
M00471,M,1946-10-05,78,75+,FAC-EAST,0
M00472,M,1959-10-13,65,60-74,FAC-WEST,0
M00473,F,1946-01-23,78,75+,FAC-EAST,0
M00474,M,1954-06-10,70,60-74,FAC-SOUTH,0
M00475,F,2004-02-08,20,18-29,FAC-CENTRAL,0
M00476,M,1969-04-12,55,45-59,FAC-SOUTH,1
M00477,M,1934-03-05,90,75+,FAC-EAST,0
M00478,M,1943-08-12,81,75+,FAC-WEST,0
M00479,F,1961-04-06,63,60-74,FAC-CENTRAL,1
M00480,M,1982-09-22,42,30-44,FAC-NORTH,0
M00481,F,1996-07-15,28,18-29,FAC-NORTH,1
M00482,M,1988-08-06,36,30-44,FAC-SOUTH,0
M00483,F,1978-10-12,46,45-59,FAC-NORTH,0
M00484,M,1944-06-27,80,75+,FAC-CENTRAL,1
M00485,M,2005-06-12,19,18-29,FAC-EAST,0
M00486,M,2003-10-07,21,18-29,FAC-WEST,0
M00487,F,1993-05-05,31,30-44,FAC-SOUTH,0
M00488,F,1939-02-28,85,75+,FAC-EAST,0
M00489,M,1995-12-14,29,18-29,FAC-WEST,0
M00490,F,1978-01-25,46,45-59,FAC-NORTH,0
M00491,F,1994-11-28,30,30-44,FAC-CENTRAL,0
M00492,M,1998-07-31,26,18-29,FAC-SOUTH,1
M00493,F,1942-11-26,82,75+,FAC-EAST,0
M00494,F,1939-06-16,85,75+,FAC-CENTRAL,0
M00495,M,1972-06-05,52,45-59,FAC-EAST,0
M00496,F,1984-01-16,40,30-44,FAC-SOUTH,1
M00497,F,1956-05-24,68,60-74,FAC-CENTRAL,0
M00498,F,1933-12-21,91,75+,FAC-CENTRAL,0
M00499,M,1957-04-22,67,60-74,FAC-NORTH,0
M00500,M,2000-05-02,24,18-29,FAC-NORTH,0
M00501,M,1956-01-17,68,60-74,FAC-EAST,1
M00502,M,1944-03-11,80,75+,FAC-WEST,0
M00503,M,1982-07-13,42,30-44,FAC-WEST,0
M00504,F,1969-02-23,55,45-59,FAC-NORTH,0
M00505,M,1986-12-13,38,30-44,FAC-SOUTH,0
M00506,M,1965-12-28,59,45-59,FAC-NORTH,1
M00507,M,1950-01-01,74,60-74,FAC-NORTH,0
M00508,F,1995-03-20,29,18-29,FAC-CENTRAL,0
M00509,M,1993-06-10,31,30-44,FAC-CENTRAL,0
M00510,F,1964-12-15,60,60-74,FAC-WEST,1
M00511,M,1995-09-10,29,18-29,FAC-SOUTH,0
M00512,F,1958-04-07,66,60-74,FAC-EAST,1
M00513,M,1943-04-23,81,75+,FAC-WEST,1
M00514,M,1953-01-31,71,60-74,FAC-NORTH,0
M00515,M,1974-02-22,50,45-59,FAC-WEST,0
M00516,F,1948-05-11,76,75+,FAC-NORTH,1
M00517,M,1963-08-18,61,60-74,FAC-EAST,0
M00518,M,1963-11-23,61,60-74,FAC-CENTRAL,0
M00519,F,1968-01-17,56,45-59,FAC-SOUTH,0
M00520,M,1966-04-01,58,45-59,FAC-EAST,0
M00521,M,1943-09-15,81,75+,FAC-EAST,0
M00522,M,1970-12-10,54,45-59,FAC-CENTRAL,0
M00523,F,1937-04-06,87,75+,FAC-CENTRAL,0
M00524,F,1946-07-08,78,75+,FAC-EAST,1
M00525,F,1953-07-24,71,60-74,FAC-EAST,0
M00526,F,1973-07-26,51,45-59,FAC-WEST,1
M00527,M,1996-11-05,28,18-29,FAC-WEST,0
M00528,M,1937-10-21,87,75+,FAC-WEST,0
M00529,F,1959-07-08,65,60-74,FAC-CENTRAL,0
M00530,F,1993-02-16,31,30-44,FAC-EAST,0
M00531,F,2000-09-06,24,18-29,FAC-WEST,0
M00532,M,1951-05-11,73,60-74,FAC-EAST,1
M00533,F,1940-10-14,84,75+,FAC-CENTRAL,0
M00534,F,1948-12-25,76,75+,FAC-CENTRAL,0
M00535,F,1962-06-19,62,60-74,FAC-EAST,0
M00536,M,1996-04-24,28,18-29,FAC-SOUTH,0
M00537,M,1967-01-06,57,45-59,FAC-SOUTH,0
M00538,M,1961-10-31,63,60-74,FAC-WEST,1
M00539,M,1998-01-20,26,18-29,FAC-NORTH,1
M00540,F,1962-08-04,62,60-74,FAC-SOUTH,1
M00541,F,1940-04-08,84,75+,FAC-EAST,0
M00542,M,1947-03-09,77,75+,FAC-SOUTH,0
M00543,F,1950-12-14,74,60-74,FAC-CENTRAL,1
M00544,F,1948-09-04,76,75+,FAC-NORTH,0
M00545,F,1980-02-05,44,30-44,FAC-NORTH,0
M00546,F,1938-04-03,86,75+,FAC-SOUTH,0
M00547,M,1992-02-10,32,30-44,FAC-WEST,0
M00548,M,1956-08-24,68,60-74,FAC-NORTH,0
M00549,M,1960-11-09,64,60-74,FAC-EAST,0
M00550,F,1989-01-15,35,30-44,FAC-EAST,0
M00551,F,1982-12-17,42,30-44,FAC-CENTRAL,0
M00552,M,1952-09-01,72,60-74,FAC-WEST,1
M00553,M,1982-10-20,42,30-44,FAC-SOUTH,0
M00554,F,1944-02-09,80,75+,FAC-EAST,1
M00555,M,1999-12-21,25,18-29,FAC-WEST,0
M00556,F,1981-12-12,43,30-44,FAC-CENTRAL,0
M00557,M,1953-07-18,71,60-74,FAC-WEST,0
M00558,M,1985-05-14,39,30-44,FAC-SOUTH,0
M00559,M,2002-02-01,22,18-29,FAC-EAST,0
M00560,F,1947-09-19,77,75+,FAC-WEST,0
M00561,F,1992-02-07,32,30-44,FAC-EAST,0
M00562,F,1949-09-28,75,75+,FAC-WEST,1
M00563,F,1975-01-27,49,45-59,FAC-NORTH,0
M00564,M,1973-01-01,51,45-59,FAC-NORTH,0
M00565,M,1991-02-23,33,30-44,FAC-CENTRAL,0
M00566,M,1952-04-10,72,60-74,FAC-SOUTH,0
M00567,F,1998-09-04,26,18-29,FAC-EAST,0
M00568,F,1964-07-05,60,60-74,FAC-CENTRAL,0
M00569,M,1940-07-24,84,75+,FAC-SOUTH,0
M00570,M,1999-02-01,25,18-29,FAC-SOUTH,0
M00571,F,1975-04-15,49,45-59,FAC-SOUTH,0
M00572,M,1944-04-24,80,75+,FAC-EAST,0
M00573,M,1957-11-13,67,60-74,FAC-NORTH,1
M00574,M,1941-02-14,83,75+,FAC-EAST,0
M00575,M,1944-01-20,80,75+,FAC-NORTH,0
M00576,M,1961-05-30,63,60-74,FAC-WEST,0
M00577,F,1952-03-17,72,60-74,FAC-EAST,0
M00578,M,1962-09-24,62,60-74,FAC-CENTRAL,0
M00579,M,1962-07-17,62,60-74,FAC-NORTH,0
M00580,F,1948-06-26,76,75+,FAC-SOUTH,1
M00581,M,1948-07-04,76,75+,FAC-WEST,0
M00582,F,1989-07-27,35,30-44,FAC-EAST,0
M00583,F,1960-02-24,64,60-74,FAC-SOUTH,1
M00584,F,1955-08-17,69,60-74,FAC-SOUTH,0
M00585,M,1994-06-28,30,30-44,FAC-SOUTH,0
M00586,M,1997-04-16,27,18-29,FAC-CENTRAL,0
M00587,M,2005-06-16,19,18-29,FAC-NORTH,0
M00588,M,1989-10-23,35,30-44,FAC-WEST,1
M00589,F,1993-05-02,31,30-44,FAC-EAST,0
M00590,F,1958-04-25,66,60-74,FAC-SOUTH,0
M00591,F,1938-09-22,86,75+,FAC-SOUTH,1
M00592,M,1962-03-14,62,60-74,FAC-SOUTH,0
M00593,M,1950-03-15,74,60-74,FAC-NORTH,1
M00594,F,1990-08-27,34,30-44,FAC-EAST,0
M00595,M,1966-04-20,58,45-59,FAC-NORTH,0
M00596,F,1935-09-04,89,75+,FAC-CENTRAL,0
M00597,M,2002-07-19,22,18-29,FAC-SOUTH,0
M00598,F,1956-02-02,68,60-74,FAC-SOUTH,0
M00599,M,1957-05-06,67,60-74,FAC-CENTRAL,0
M00600,F,1939-07-01,85,75+,FAC-EAST,0
M00601,F,1956-09-14,68,60-74,FAC-CENTRAL,0
M00602,F,1946-05-29,78,75+,FAC-NORTH,1
M00603,F,1973-03-10,51,45-59,FAC-NORTH,1
M00604,M,1942-02-10,82,75+,FAC-CENTRAL,0
M00605,M,1951-07-10,73,60-74,FAC-CENTRAL,0
M00606,F,1971-05-18,53,45-59,FAC-CENTRAL,0
M00607,F,1986-09-24,38,30-44,FAC-CENTRAL,0
M00608,F,1966-07-08,58,45-59,FAC-SOUTH,0
M00609,F,1975-05-15,49,45-59,FAC-NORTH,0
M00610,M,1999-01-15,25,18-29,FAC-SOUTH,0
M00611,F,2004-06-23,20,18-29,FAC-NORTH,0
M00612,F,1943-01-10,81,75+,FAC-EAST,0
M00613,F,1959-04-29,65,60-74,FAC-EAST,0
M00614,F,2003-01-01,21,18-29,FAC-EAST,0
M00615,F,1972-06-29,52,45-59,FAC-NORTH,0
M00616,M,1947-10-17,77,75+,FAC-WEST,0
M00617,F,1959-04-13,65,60-74,FAC-NORTH,0
M00618,F,1976-10-10,48,45-59,FAC-NORTH,1
M00619,F,2000-10-23,24,18-29,FAC-SOUTH,0
M00620,F,2001-09-11,23,18-29,FAC-WEST,0
M00621,F,1965-02-23,59,45-59,FAC-EAST,0
M00622,M,1996-09-03,28,18-29,FAC-CENTRAL,0
M00623,F,1984-03-03,40,30-44,FAC-NORTH,0
M00624,M,1997-10-27,27,18-29,FAC-EAST,0
M00625,M,1994-09-13,30,30-44,FAC-EAST,0
M00626,F,1968-09-14,56,45-59,FAC-CENTRAL,0
M00627,F,1946-12-29,78,75+,FAC-WEST,0
M00628,F,1937-03-04,87,75+,FAC-WEST,1
M00629,F,1976-09-23,48,45-59,FAC-NORTH,0
M00630,M,2005-07-19,19,18-29,FAC-EAST,0
M00631,F,1979-09-29,45,45-59,FAC-WEST,0
M00632,M,1999-04-11,25,18-29,FAC-NORTH,0
M00633,F,1976-10-04,48,45-59,FAC-EAST,0
M00634,M,1995-08-30,29,18-29,FAC-SOUTH,0
M00635,M,1996-08-23,28,18-29,FAC-WEST,0
M00636,F,1976-01-30,48,45-59,FAC-EAST,0
M00637,M,1965-01-19,59,45-59,FAC-SOUTH,0
M00638,F,1981-04-18,43,30-44,FAC-CENTRAL,0
M00639,F,1987-05-02,37,30-44,FAC-WEST,0
M00640,M,1954-05-03,70,60-74,FAC-SOUTH,0
M00641,M,1966-11-05,58,45-59,FAC-NORTH,0
M00642,F,1985-07-09,39,30-44,FAC-CENTRAL,0
M00643,F,1979-01-11,45,45-59,FAC-SOUTH,1
M00644,M,1955-10-14,69,60-74,FAC-EAST,1
M00645,M,1984-06-10,40,30-44,FAC-WEST,0
M00646,F,1993-10-30,31,30-44,FAC-SOUTH,0
M00647,F,2005-05-20,19,18-29,FAC-SOUTH,0
M00648,F,1980-12-03,44,30-44,FAC-NORTH,0
M00649,M,1997-06-11,27,18-29,FAC-SOUTH,0
M00650,M,1990-05-08,34,30-44,FAC-EAST,0
M00651,F,2000-10-28,24,18-29,FAC-CENTRAL,1
M00652,M,1955-10-22,69,60-74,FAC-WEST,1
M00653,F,1961-03-14,63,60-74,FAC-EAST,0
M00654,M,1949-04-19,75,75+,FAC-CENTRAL,1
M00655,F,1968-10-17,56,45-59,FAC-CENTRAL,0
M00656,M,1999-05-09,25,18-29,FAC-SOUTH,0
M00657,M,1980-08-01,44,30-44,FAC-CENTRAL,0
M00658,F,1937-06-28,87,75+,FAC-EAST,0
M00659,M,1936-11-01,88,75+,FAC-CENTRAL,0
M00660,M,1957-02-14,67,60-74,FAC-EAST,1
M00661,F,2003-01-29,21,18-29,FAC-WEST,1
M00662,M,1977-04-07,47,45-59,FAC-SOUTH,1
M00663,M,1938-06-09,86,75+,FAC-SOUTH,0
M00664,M,1961-04-04,63,60-74,FAC-CENTRAL,1
M00665,M,1960-09-02,64,60-74,FAC-EAST,1
M00666,F,1934-04-03,90,75+,FAC-WEST,0
M00667,M,1983-10-18,41,30-44,FAC-NORTH,1
M00668,F,1978-06-17,46,45-59,FAC-NORTH,0
M00669,M,1981-04-21,43,30-44,FAC-SOUTH,0
M00670,M,1999-06-11,25,18-29,FAC-SOUTH,0
M00671,F,1939-01-02,85,75+,FAC-EAST,0
M00672,M,1994-01-02,30,30-44,FAC-SOUTH,0
M00673,F,1950-08-11,74,60-74,FAC-EAST,0
M00674,F,1934-07-18,90,75+,FAC-CENTRAL,0
M00675,M,1977-07-22,47,45-59,FAC-SOUTH,0
M00676,M,1966-07-13,58,45-59,FAC-SOUTH,0
M00677,F,1955-09-16,69,60-74,FAC-CENTRAL,1
M00678,M,1977-08-04,47,45-59,FAC-WEST,0
M00679,F,1964-05-22,60,60-74,FAC-EAST,0
M00680,F,1994-06-26,30,30-44,FAC-EAST,0
M00681,M,2005-02-05,19,18-29,FAC-NORTH,0
M00682,M,1974-05-04,50,45-59,FAC-NORTH,0
M00683,M,1949-12-02,75,75+,FAC-WEST,0
M00684,M,1958-01-04,66,60-74,FAC-NORTH,0
M00685,M,1978-04-05,46,45-59,FAC-NORTH,0
M00686,M,2004-01-09,20,18-29,FAC-NORTH,0
M00687,F,1963-04-05,61,60-74,FAC-SOUTH,0
M00688,F,1936-05-21,88,75+,FAC-CENTRAL,0
M00689,M,2002-11-13,22,18-29,FAC-SOUTH,0
M00690,M,1986-05-29,38,30-44,FAC-SOUTH,0
M00691,F,1953-07-12,71,60-74,FAC-CENTRAL,0
M00692,M,1970-01-28,54,45-59,FAC-NORTH,0
M00693,M,1935-10-30,89,75+,FAC-EAST,1
M00694,F,1952-05-20,72,60-74,FAC-CENTRAL,0
M00695,M,1981-05-08,43,30-44,FAC-SOUTH,1
M00696,M,1995-10-24,29,18-29,FAC-EAST,0
M00697,M,1945-10-28,79,75+,FAC-EAST,0
M00698,F,1936-12-21,88,75+,FAC-WEST,1
M00699,M,1982-11-10,42,30-44,FAC-WEST,1
M00700,M,1973-03-05,51,45-59,FAC-CENTRAL,0
M00701,F,1986-07-04,38,30-44,FAC-NORTH,0
M00702,M,1936-12-08,88,75+,FAC-CENTRAL,0
M00703,F,1936-06-06,88,75+,FAC-CENTRAL,0
M00704,M,1937-07-21,87,75+,FAC-WEST,0
M00705,F,1946-02-02,78,75+,FAC-NORTH,1
M00706,F,1990-11-07,34,30-44,FAC-SOUTH,0
M00707,F,1982-04-23,42,30-44,FAC-NORTH,1
M00708,M,1980-08-09,44,30-44,FAC-CENTRAL,0
M00709,M,1966-05-27,58,45-59,FAC-CENTRAL,1
M00710,M,1936-01-23,88,75+,FAC-CENTRAL,0
M00711,M,2004-06-27,20,18-29,FAC-CENTRAL,0
M00712,M,1991-11-24,33,30-44,FAC-CENTRAL,0
M00713,F,1992-09-08,32,30-44,FAC-EAST,0
M00714,M,1954-02-18,70,60-74,FAC-WEST,0
M00715,M,2002-03-25,22,18-29,FAC-SOUTH,0
M00716,M,2001-12-01,23,18-29,FAC-EAST,0
M00717,F,1999-10-22,25,18-29,FAC-EAST,0
M00718,F,1963-01-27,61,60-74,FAC-WEST,0
M00719,F,1977-04-20,47,45-59,FAC-WEST,0
M00720,M,1971-11-28,53,45-59,FAC-NORTH,0
M00721,F,1950-03-18,74,60-74,FAC-WEST,0
M00722,M,1939-12-28,85,75+,FAC-CENTRAL,0
M00723,F,1998-01-14,26,18-29,FAC-WEST,0
M00724,F,1938-09-19,86,75+,FAC-SOUTH,1
M00725,F,1999-02-15,25,18-29,FAC-NORTH,1
M00726,M,1981-02-06,43,30-44,FAC-WEST,0
M00727,M,1990-07-11,34,30-44,FAC-EAST,1
M00728,M,1949-04-05,75,75+,FAC-WEST,0
M00729,M,1962-04-09,62,60-74,FAC-EAST,0
M00730,F,1970-06-15,54,45-59,FAC-SOUTH,0
M00731,F,1977-07-31,47,45-59,FAC-SOUTH,0
M00732,M,1953-10-14,71,60-74,FAC-NORTH,1
M00733,M,1989-07-28,35,30-44,FAC-NORTH,0
M00734,F,1973-08-21,51,45-59,FAC-EAST,0
M00735,M,1951-12-24,73,60-74,FAC-WEST,0
M00736,M,1978-11-01,46,45-59,FAC-CENTRAL,0
M00737,M,1993-06-20,31,30-44,FAC-EAST,0
M00738,M,1967-07-15,57,45-59,FAC-NORTH,1
M00739,M,1970-08-06,54,45-59,FAC-EAST,0
M00740,M,1968-03-25,56,45-59,FAC-SOUTH,1
M00741,F,1954-07-30,70,60-74,FAC-SOUTH,0
M00742,F,1943-02-05,81,75+,FAC-WEST,0
M00743,M,1957-06-14,67,60-74,FAC-CENTRAL,0
M00744,F,1963-03-10,61,60-74,FAC-WEST,0
M00745,M,1942-02-03,82,75+,FAC-CENTRAL,0
M00746,F,1969-05-11,55,45-59,FAC-EAST,0
M00747,F,1963-07-31,61,60-74,FAC-EAST,1
M00748,F,1966-11-27,58,45-59,FAC-EAST,0
M00749,M,1972-09-02,52,45-59,FAC-NORTH,0
M00750,M,1999-08-02,25,18-29,FAC-CENTRAL,0
M00751,F,1946-03-28,78,75+,FAC-WEST,0
M00752,M,1954-06-06,70,60-74,FAC-SOUTH,0
M00753,F,1981-01-02,43,30-44,FAC-CENTRAL,0
M00754,M,1988-01-15,36,30-44,FAC-SOUTH,0
M00755,F,1944-01-17,80,75+,FAC-SOUTH,0
M00756,M,1999-06-20,25,18-29,FAC-SOUTH,0
M00757,F,1985-10-18,39,30-44,FAC-NORTH,0
M00758,F,1950-08-14,74,60-74,FAC-WEST,0
M00759,M,1957-06-30,67,60-74,FAC-SOUTH,1
M00760,M,2005-01-07,19,18-29,FAC-CENTRAL,0
M00761,F,2003-07-10,21,18-29,FAC-SOUTH,1
M00762,F,1962-01-23,62,60-74,FAC-WEST,1
M00763,M,1985-05-23,39,30-44,FAC-EAST,0
M00764,M,1947-10-12,77,75+,FAC-EAST,0
M00765,M,1988-12-31,36,30-44,FAC-WEST,0
M00766,M,1982-04-03,42,30-44,FAC-WEST,0
M00767,F,1977-03-05,47,45-59,FAC-SOUTH,0
M00768,F,2003-08-24,21,18-29,FAC-NORTH,0
M00769,M,2001-12-11,23,18-29,FAC-EAST,0
M00770,F,1999-07-19,25,18-29,FAC-NORTH,0
M00771,F,1991-11-23,33,30-44,FAC-NORTH,0
M00772,M,1945-07-11,79,75+,FAC-NORTH,1
M00773,M,1952-07-30,72,60-74,FAC-CENTRAL,1
M00774,M,1988-11-22,36,30-44,FAC-NORTH,0
M00775,F,1970-05-02,54,45-59,FAC-WEST,0
M00776,F,1981-02-12,43,30-44,FAC-SOUTH,0
M00777,M,1954-02-02,70,60-74,FAC-CENTRAL,1
M00778,M,1979-07-10,45,45-59,FAC-EAST,0
M00779,F,2006-06-14,18,18-29,FAC-NORTH,0
M00780,M,1987-05-10,37,30-44,FAC-NORTH,0
M00781,F,1973-08-03,51,45-59,FAC-EAST,0
M00782,M,1947-06-10,77,75+,FAC-SOUTH,1
M00783,F,1968-12-27,56,45-59,FAC-EAST,0
M00784,M,1992-05-06,32,30-44,FAC-NORTH,0
M00785,F,1988-07-20,36,30-44,FAC-EAST,0
M00786,M,1949-08-20,75,75+,FAC-NORTH,0
M00787,M,1963-03-30,61,60-74,FAC-WEST,1
M00788,M,1971-12-14,53,45-59,FAC-WEST,0
M00789,M,1985-04-29,39,30-44,FAC-NORTH,0
M00790,F,1992-11-22,32,30-44,FAC-WEST,0
M00791,M,1982-08-18,42,30-44,FAC-EAST,0
M00792,F,1989-10-20,35,30-44,FAC-NORTH,0
M00793,M,1950-06-11,74,60-74,FAC-EAST,1
M00794,F,1938-09-15,86,75+,FAC-SOUTH,0
M00795,M,1939-10-13,85,75+,FAC-CENTRAL,0
M00796,F,1950-07-31,74,60-74,FAC-WEST,0
M00797,M,1957-04-17,67,60-74,FAC-CENTRAL,0
M00798,F,2004-07-26,20,18-29,FAC-CENTRAL,0
M00799,M,1943-04-13,81,75+,FAC-WEST,1
M00800,M,1976-01-10,48,45-59,FAC-NORTH,0
M00801,F,1935-08-13,89,75+,FAC-SOUTH,0
M00802,F,1947-11-20,77,75+,FAC-WEST,0
M00803,F,1942-11-20,82,75+,FAC-WEST,0
M00804,F,1992-11-29,32,30-44,FAC-CENTRAL,0
M00805,F,1994-08-18,30,30-44,FAC-EAST,0
M00806,F,1948-01-12,76,75+,FAC-NORTH,0
M00807,F,1948-01-17,76,75+,FAC-CENTRAL,0
M00808,M,1959-11-13,65,60-74,FAC-SOUTH,1
M00809,F,1963-01-01,61,60-74,FAC-EAST,0
M00810,M,1993-05-31,31,30-44,FAC-WEST,0
M00811,F,1954-05-10,70,60-74,FAC-SOUTH,0
M00812,F,1990-12-05,34,30-44,FAC-SOUTH,0
M00813,M,1992-11-23,32,30-44,FAC-CENTRAL,1
M00814,F,1948-11-12,76,75+,FAC-CENTRAL,0
M00815,F,1943-07-04,81,75+,FAC-NORTH,0
M00816,M,1944-10-18,80,75+,FAC-SOUTH,0
M00817,F,1990-05-02,34,30-44,FAC-CENTRAL,0
M00818,M,1941-12-22,83,75+,FAC-CENTRAL,0
M00819,F,1970-12-08,54,45-59,FAC-EAST,0
M00820,M,1989-04-15,35,30-44,FAC-CENTRAL,0
M00821,M,1936-01-29,88,75+,FAC-CENTRAL,0
M00822,F,1981-03-11,43,30-44,FAC-EAST,0
M00823,M,1989-06-26,35,30-44,FAC-SOUTH,0
M00824,M,1991-12-26,33,30-44,FAC-CENTRAL,0
M00825,M,1938-02-11,86,75+,FAC-WEST,0
M00826,F,1940-05-13,84,75+,FAC-SOUTH,1
M00827,F,1999-03-12,25,18-29,FAC-SOUTH,0
M00828,M,1974-04-15,50,45-59,FAC-EAST,0
M00829,F,1937-06-21,87,75+,FAC-WEST,0
M00830,F,1935-03-16,89,75+,FAC-CENTRAL,0
M00831,M,1975-10-10,49,45-59,FAC-EAST,0
M00832,F,1957-12-16,67,60-74,FAC-EAST,0
M00833,F,2005-02-12,19,18-29,FAC-WEST,0
M00834,F,1958-09-04,66,60-74,FAC-CENTRAL,0
M00835,F,1982-01-27,42,30-44,FAC-NORTH,0
M00836,F,1983-10-06,41,30-44,FAC-NORTH,0
M00837,M,1970-09-18,54,45-59,FAC-SOUTH,0
M00838,M,2006-01-02,18,18-29,FAC-SOUTH,0
M00839,F,1987-01-11,37,30-44,FAC-CENTRAL,0
M00840,M,1943-09-16,81,75+,FAC-NORTH,0
M00841,M,1939-03-17,85,75+,FAC-CENTRAL,0
M00842,F,1942-04-16,82,75+,FAC-CENTRAL,0
M00843,M,1994-12-27,30,30-44,FAC-SOUTH,0
M00844,M,1963-12-29,61,60-74,FAC-CENTRAL,0
M00845,M,1934-08-10,90,75+,FAC-EAST,1
M00846,M,1975-08-04,49,45-59,FAC-CENTRAL,0
M00847,F,2000-07-07,24,18-29,FAC-WEST,0
M00848,F,1957-02-21,67,60-74,FAC-EAST,0
M00849,F,1939-12-28,85,75+,FAC-CENTRAL,0
M00850,M,1944-06-13,80,75+,FAC-SOUTH,0
M00851,M,1941-05-25,83,75+,FAC-SOUTH,0
M00852,F,1998-03-07,26,18-29,FAC-SOUTH,0
M00853,M,1993-03-10,31,30-44,FAC-WEST,0
M00854,F,1987-06-13,37,30-44,FAC-EAST,0
M00855,F,1995-05-17,29,18-29,FAC-EAST,1
M00856,F,1977-02-15,47,45-59,FAC-WEST,0
M00857,M,1951-01-24,73,60-74,FAC-NORTH,1
M00858,F,1997-08-27,27,18-29,FAC-NORTH,1
M00859,M,1942-05-13,82,75+,FAC-EAST,0
M00860,F,1969-11-17,55,45-59,FAC-NORTH,0
M00861,M,1985-09-25,39,30-44,FAC-WEST,0
M00862,M,1988-01-24,36,30-44,FAC-EAST,0
M00863,F,1935-09-27,89,75+,FAC-NORTH,1
M00864,F,1955-10-01,69,60-74,FAC-NORTH,0
M00865,M,1980-01-02,44,30-44,FAC-CENTRAL,0
M00866,F,1986-03-23,38,30-44,FAC-EAST,0
M00867,F,1992-03-23,32,30-44,FAC-CENTRAL,0
M00868,F,1935-11-14,89,75+,FAC-NORTH,0
M00869,M,1998-02-14,26,18-29,FAC-CENTRAL,0
M00870,M,1963-12-31,61,60-74,FAC-SOUTH,1
M00871,F,1969-08-16,55,45-59,FAC-SOUTH,1
M00872,M,1943-11-18,81,75+,FAC-EAST,0
M00873,F,1933-09-21,91,75+,FAC-EAST,0
M00874,M,1985-06-23,39,30-44,FAC-SOUTH,0
M00875,M,1970-12-27,54,45-59,FAC-EAST,1
M00876,M,1946-11-19,78,75+,FAC-EAST,0
M00877,M,1936-05-13,88,75+,FAC-CENTRAL,1
M00878,F,1971-04-19,53,45-59,FAC-SOUTH,0
M00879,M,1997-05-15,27,18-29,FAC-CENTRAL,0
M00880,F,1954-09-04,70,60-74,FAC-NORTH,1
M00881,M,1936-10-04,88,75+,FAC-SOUTH,0
M00882,M,1956-03-10,68,60-74,FAC-CENTRAL,0
M00883,M,1988-10-30,36,30-44,FAC-NORTH,0
M00884,M,1959-10-18,65,60-74,FAC-SOUTH,1
M00885,F,1941-04-26,83,75+,FAC-SOUTH,0
M00886,F,1945-01-03,79,75+,FAC-WEST,1
M00887,F,1998-02-07,26,18-29,FAC-NORTH,0
M00888,F,1940-01-04,84,75+,FAC-WEST,0
M00889,F,2000-07-24,24,18-29,FAC-CENTRAL,0
M00890,M,1972-09-05,52,45-59,FAC-SOUTH,0
M00891,M,1957-12-27,67,60-74,FAC-NORTH,0
M00892,M,1958-03-10,66,60-74,FAC-EAST,0
M00893,M,1943-11-02,81,75+,FAC-NORTH,0
M00894,F,1950-04-11,74,60-74,FAC-CENTRAL,0
M00895,M,1979-04-12,45,45-59,FAC-EAST,1
M00896,F,1976-11-27,48,45-59,FAC-NORTH,0
M00897,M,1944-11-02,80,75+,FAC-SOUTH,1
M00898,M,2004-02-17,20,18-29,FAC-CENTRAL,1
M00899,F,1988-08-06,36,30-44,FAC-CENTRAL,0
M00900,F,1999-03-29,25,18-29,FAC-SOUTH,0
M00901,M,1933-08-16,91,75+,FAC-EAST,1
M00902,F,1978-11-10,46,45-59,FAC-WEST,0
M00903,M,1985-03-05,39,30-44,FAC-CENTRAL,0
M00904,F,1982-08-11,42,30-44,FAC-EAST,0
M00905,F,1962-11-11,62,60-74,FAC-NORTH,0
M00906,F,1957-12-17,67,60-74,FAC-NORTH,1
M00907,F,1939-10-22,85,75+,FAC-SOUTH,0
M00908,F,1983-10-26,41,30-44,FAC-CENTRAL,0
M00909,F,1937-10-23,87,75+,FAC-NORTH,0
M00910,M,1989-08-20,35,30-44,FAC-NORTH,0
M00911,M,1939-12-04,85,75+,FAC-NORTH,0
M00912,M,1976-10-24,48,45-59,FAC-WEST,0
M00913,M,1993-11-18,31,30-44,FAC-WEST,0
M00914,F,1996-01-29,28,18-29,FAC-CENTRAL,0
M00915,M,1974-03-24,50,45-59,FAC-NORTH,1
M00916,F,1940-07-03,84,75+,FAC-SOUTH,0
M00917,M,1953-12-30,71,60-74,FAC-WEST,1
M00918,M,1972-09-27,52,45-59,FAC-EAST,0
M00919,M,1956-03-20,68,60-74,FAC-CENTRAL,0
M00920,M,1983-12-19,41,30-44,FAC-WEST,0
M00921,M,1966-09-08,58,45-59,FAC-WEST,0
M00922,F,1991-02-27,33,30-44,FAC-SOUTH,0
M00923,F,1978-10-10,46,45-59,FAC-EAST,0
M00924,F,1985-12-08,39,30-44,FAC-NORTH,0
M00925,F,1987-10-27,37,30-44,FAC-WEST,0
M00926,F,1998-02-08,26,18-29,FAC-NORTH,0
M00927,F,1956-12-09,68,60-74,FAC-CENTRAL,0
M00928,M,1999-03-25,25,18-29,FAC-WEST,0
M00929,F,1980-07-25,44,30-44,FAC-CENTRAL,0
M00930,M,1982-06-09,42,30-44,FAC-CENTRAL,0
M00931,F,1984-07-15,40,30-44,FAC-SOUTH,1
M00932,F,1986-05-12,38,30-44,FAC-WEST,0
M00933,M,1955-12-08,69,60-74,FAC-CENTRAL,0
M00934,F,1998-05-07,26,18-29,FAC-CENTRAL,0
M00935,M,1962-02-10,62,60-74,FAC-SOUTH,0
M00936,M,1954-09-12,70,60-74,FAC-SOUTH,1
M00937,M,1942-05-13,82,75+,FAC-CENTRAL,0
M00938,M,1963-05-03,61,60-74,FAC-EAST,0
M00939,M,1949-12-23,75,75+,FAC-SOUTH,0
M00940,M,1947-07-22,77,75+,FAC-CENTRAL,0
M00941,F,1945-05-07,79,75+,FAC-WEST,0
M00942,F,1977-01-17,47,45-59,FAC-EAST,0
M00943,F,1973-02-21,51,45-59,FAC-WEST,0
M00944,M,1996-09-12,28,18-29,FAC-WEST,0
M00945,M,1961-03-12,63,60-74,FAC-EAST,0
M00946,F,1981-10-14,43,30-44,FAC-SOUTH,0
M00947,F,1973-03-15,51,45-59,FAC-SOUTH,0
M00948,M,1987-05-02,37,30-44,FAC-NORTH,0
M00949,M,2005-09-16,19,18-29,FAC-WEST,0
M00950,M,1965-10-21,59,45-59,FAC-CENTRAL,0
M00951,M,1944-04-03,80,75+,FAC-CENTRAL,0
M00952,M,1956-03-11,68,60-74,FAC-SOUTH,0
M00953,F,1938-12-03,86,75+,FAC-CENTRAL,0
M00954,F,1942-01-10,82,75+,FAC-SOUTH,0
M00955,M,1990-07-02,34,30-44,FAC-EAST,0
M00956,F,2004-07-10,20,18-29,FAC-CENTRAL,0
M00957,F,1964-12-27,60,60-74,FAC-EAST,0
M00958,F,1936-02-24,88,75+,FAC-WEST,0
M00959,M,1960-03-29,64,60-74,FAC-SOUTH,0
M00960,M,1958-12-28,66,60-74,FAC-EAST,0
M00961,M,1982-09-07,42,30-44,FAC-CENTRAL,0
M00962,F,1994-02-05,30,30-44,FAC-CENTRAL,0
M00963,M,1958-03-24,66,60-74,FAC-SOUTH,1
M00964,M,2005-03-22,19,18-29,FAC-SOUTH,0
M00965,M,1944-02-03,80,75+,FAC-CENTRAL,0
M00966,F,1956-05-13,68,60-74,FAC-NORTH,0
M00967,F,1973-10-28,51,45-59,FAC-NORTH,0
M00968,M,1964-02-18,60,60-74,FAC-CENTRAL,0
M00969,M,1962-06-21,62,60-74,FAC-EAST,0
M00970,F,1938-04-09,86,75+,FAC-EAST,0
M00971,M,1964-07-21,60,60-74,FAC-WEST,0
M00972,F,1957-08-22,67,60-74,FAC-SOUTH,0
M00973,F,1962-11-28,62,60-74,FAC-CENTRAL,0
M00974,M,1997-05-13,27,18-29,FAC-SOUTH,0
M00975,M,1965-07-31,59,45-59,FAC-EAST,0
M00976,M,1971-11-14,53,45-59,FAC-EAST,0
M00977,M,1954-04-09,70,60-74,FAC-NORTH,1
M00978,F,1975-07-25,49,45-59,FAC-NORTH,0
M00979,F,1984-12-04,40,30-44,FAC-NORTH,0
M00980,M,1936-06-10,88,75+,FAC-WEST,1
M00981,F,1993-02-09,31,30-44,FAC-NORTH,0
M00982,M,1967-03-05,57,45-59,FAC-EAST,0
M00983,M,1990-04-18,34,30-44,FAC-SOUTH,0
M00984,F,2001-07-17,23,18-29,FAC-EAST,0
M00985,M,1946-10-02,78,75+,FAC-CENTRAL,0
M00986,M,1988-07-02,36,30-44,FAC-CENTRAL,0
M00987,M,1933-11-28,91,75+,FAC-CENTRAL,0
M00988,M,1961-10-28,63,60-74,FAC-NORTH,0
M00989,M,1966-12-25,58,45-59,FAC-SOUTH,0
M00990,M,2005-06-20,19,18-29,FAC-SOUTH,0
M00991,M,1969-11-01,55,45-59,FAC-WEST,0
M00992,M,1968-06-25,56,45-59,FAC-EAST,0
M00993,F,2005-09-13,19,18-29,FAC-WEST,0
M00994,M,1956-02-26,68,60-74,FAC-WEST,1
M00995,M,1978-02-13,46,45-59,FAC-SOUTH,1
M00996,M,1969-08-01,55,45-59,FAC-EAST,0
M00997,M,1982-05-22,42,30-44,FAC-EAST,0
M00998,F,1947-08-23,77,75+,FAC-CENTRAL,0
M00999,M,1982-01-13,42,30-44,FAC-NORTH,1
M01000,F,1983-05-05,41,30-44,FAC-SOUTH,0
M01001,M,2005-02-21,19,18-29,FAC-NORTH,0
M01002,M,1979-01-03,45,45-59,FAC-WEST,0
M01003,M,1946-07-14,78,75+,FAC-EAST,0
M01004,F,1988-05-27,36,30-44,FAC-WEST,0
M01005,F,1936-11-09,88,75+,FAC-EAST,1
M01006,M,2005-04-19,19,18-29,FAC-SOUTH,0
M01007,M,1950-02-28,74,60-74,FAC-NORTH,0
M01008,F,1948-05-17,76,75+,FAC-SOUTH,0
M01009,M,1956-07-19,68,60-74,FAC-EAST,0
M01010,F,2000-09-13,24,18-29,FAC-EAST,0
M01011,M,1968-03-20,56,45-59,FAC-NORTH,0
M01012,F,1992-02-24,32,30-44,FAC-EAST,0
M01013,F,1985-02-04,39,30-44,FAC-WEST,0
M01014,F,2005-05-30,19,18-29,FAC-WEST,0
M01015,F,1959-05-18,65,60-74,FAC-WEST,0
M01016,F,1962-08-15,62,60-74,FAC-EAST,1
M01017,F,1938-05-14,86,75+,FAC-SOUTH,1
M01018,M,1934-08-12,90,75+,FAC-WEST,0
M01019,F,2003-07-04,21,18-29,FAC-SOUTH,0
M01020,M,2000-10-16,24,18-29,FAC-CENTRAL,0
M01021,M,1936-07-16,88,75+,FAC-CENTRAL,0
M01022,F,1937-01-10,87,75+,FAC-WEST,0
M01023,M,1936-04-16,88,75+,FAC-SOUTH,1
M01024,M,1969-02-15,55,45-59,FAC-WEST,0
M01025,F,1941-12-24,83,75+,FAC-NORTH,0
M01026,M,1976-01-15,48,45-59,FAC-CENTRAL,0
M01027,M,1981-10-01,43,30-44,FAC-CENTRAL,0
M01028,F,1970-01-15,54,45-59,FAC-EAST,0
M01029,F,1993-09-29,31,30-44,FAC-NORTH,0
M01030,F,1984-06-09,40,30-44,FAC-WEST,0
M01031,F,1994-06-07,30,30-44,FAC-WEST,0
M01032,M,1938-08-22,86,75+,FAC-EAST,0
M01033,F,1960-03-10,64,60-74,FAC-NORTH,0
M01034,F,1979-07-27,45,45-59,FAC-NORTH,0
M01035,M,1998-12-20,26,18-29,FAC-WEST,0
M01036,M,1998-08-11,26,18-29,FAC-NORTH,0
M01037,F,1968-05-21,56,45-59,FAC-CENTRAL,0
M01038,F,1994-02-25,30,30-44,FAC-SOUTH,0
M01039,F,1938-08-05,86,75+,FAC-SOUTH,0
M01040,M,1992-08-01,32,30-44,FAC-WEST,0
M01041,M,1993-03-30,31,30-44,FAC-CENTRAL,0
M01042,M,1942-01-15,82,75+,FAC-CENTRAL,0
M01043,M,1961-01-21,63,60-74,FAC-EAST,0
M01044,M,1953-08-13,71,60-74,FAC-EAST,0
M01045,F,1933-10-02,91,75+,FAC-CENTRAL,1
M01046,M,1959-11-13,65,60-74,FAC-WEST,0
M01047,F,2002-01-27,22,18-29,FAC-CENTRAL,0
M01048,F,1968-06-26,56,45-59,FAC-SOUTH,0
M01049,F,1966-06-19,58,45-59,FAC-EAST,0
M01050,F,1994-06-04,30,30-44,FAC-SOUTH,0
M01051,F,1972-12-23,52,45-59,FAC-SOUTH,0
M01052,F,1974-01-26,50,45-59,FAC-WEST,1
M01053,F,1997-01-07,27,18-29,FAC-SOUTH,0
M01054,M,1993-08-23,31,30-44,FAC-NORTH,0
M01055,M,1996-05-25,28,18-29,FAC-EAST,0
M01056,M,1950-12-03,74,60-74,FAC-NORTH,0
M01057,F,2004-07-31,20,18-29,FAC-WEST,0
M01058,F,1966-10-05,58,45-59,FAC-CENTRAL,1
M01059,F,1964-10-16,60,60-74,FAC-SOUTH,0
M01060,F,1955-11-17,69,60-74,FAC-CENTRAL,0
M01061,F,1977-11-18,47,45-59,FAC-WEST,0
M01062,F,1990-01-03,34,30-44,FAC-CENTRAL,0
M01063,F,1935-12-16,89,75+,FAC-WEST,0
M01064,M,1990-04-16,34,30-44,FAC-SOUTH,0
M01065,M,1955-08-04,69,60-74,FAC-CENTRAL,0
M01066,F,1975-05-23,49,45-59,FAC-WEST,0
M01067,M,1995-04-27,29,18-29,FAC-WEST,0
M01068,M,1962-03-26,62,60-74,FAC-CENTRAL,0
M01069,F,1967-04-05,57,45-59,FAC-CENTRAL,0
M01070,M,1987-11-12,37,30-44,FAC-SOUTH,1
M01071,F,1959-04-14,65,60-74,FAC-NORTH,0
M01072,F,2000-02-18,24,18-29,FAC-SOUTH,0
M01073,M,2004-12-27,20,18-29,FAC-NORTH,0
M01074,M,1948-11-05,76,75+,FAC-SOUTH,1
M01075,F,1979-09-21,45,45-59,FAC-EAST,0
M01076,M,1987-07-05,37,30-44,FAC-NORTH,0
M01077,M,1939-06-15,85,75+,FAC-NORTH,0
M01078,M,1980-07-05,44,30-44,FAC-NORTH,0
M01079,M,2005-05-17,19,18-29,FAC-EAST,0
M01080,M,1993-06-14,31,30-44,FAC-WEST,0
M01081,F,1957-10-15,67,60-74,FAC-NORTH,0
M01082,M,1943-09-04,81,75+,FAC-SOUTH,0
M01083,F,1941-11-14,83,75+,FAC-NORTH,0
M01084,F,1974-09-30,50,45-59,FAC-WEST,0
M01085,M,1986-06-16,38,30-44,FAC-EAST,0
M01086,M,1968-03-01,56,45-59,FAC-CENTRAL,0
M01087,M,1998-08-06,26,18-29,FAC-WEST,0
M01088,F,1935-02-15,89,75+,FAC-EAST,0
M01089,M,1989-05-11,35,30-44,FAC-CENTRAL,0
M01090,F,1953-03-02,71,60-74,FAC-WEST,0
M01091,M,1963-11-14,61,60-74,FAC-SOUTH,0
M01092,F,1936-07-22,88,75+,FAC-SOUTH,0
M01093,M,1939-04-29,85,75+,FAC-SOUTH,0
M01094,F,1966-05-27,58,45-59,FAC-NORTH,0
M01095,F,1966-04-17,58,45-59,FAC-EAST,0
M01096,M,1954-01-29,70,60-74,FAC-EAST,0
M01097,F,1982-05-03,42,30-44,FAC-NORTH,0
M01098,M,1933-08-29,91,75+,FAC-SOUTH,0
M01099,F,2002-12-20,22,18-29,FAC-WEST,1
M01100,F,1941-08-31,83,75+,FAC-EAST,0
M01101,F,1956-10-24,68,60-74,FAC-SOUTH,0
M01102,F,1978-06-11,46,45-59,FAC-NORTH,0
M01103,M,1954-03-12,70,60-74,FAC-SOUTH,0
M01104,F,1998-03-24,26,18-29,FAC-WEST,0
M01105,M,1964-11-08,60,60-74,FAC-WEST,0
M01106,M,2000-08-14,24,18-29,FAC-WEST,0
M01107,M,1955-08-24,69,60-74,FAC-CENTRAL,0
M01108,F,1940-05-12,84,75+,FAC-NORTH,0
M01109,F,1939-10-05,85,75+,FAC-NORTH,0
M01110,M,1939-08-19,85,75+,FAC-SOUTH,0
M01111,M,1949-12-13,75,75+,FAC-EAST,0
M01112,M,1984-11-21,40,30-44,FAC-NORTH,0
M01113,F,1946-08-09,78,75+,FAC-CENTRAL,0
M01114,F,1982-08-31,42,30-44,FAC-CENTRAL,0
M01115,F,1955-12-04,69,60-74,FAC-NORTH,0
M01116,F,1947-09-06,77,75+,FAC-SOUTH,0
M01117,M,1995-02-15,29,18-29,FAC-SOUTH,0
M01118,F,1995-04-26,29,18-29,FAC-EAST,0
M01119,F,1938-07-10,86,75+,FAC-CENTRAL,0
M01120,F,1957-09-24,67,60-74,FAC-SOUTH,0
M01121,M,1933-08-05,91,75+,FAC-SOUTH,0
M01122,F,1983-06-27,41,30-44,FAC-EAST,1
M01123,M,1949-02-07,75,75+,FAC-NORTH,0
M01124,F,1981-06-25,43,30-44,FAC-EAST,0
M01125,F,1947-10-24,77,75+,FAC-CENTRAL,0
M01126,F,1943-03-07,81,75+,FAC-WEST,1
M01127,M,1953-11-19,71,60-74,FAC-CENTRAL,1
M01128,F,1974-09-21,50,45-59,FAC-CENTRAL,0
M01129,F,2000-03-19,24,18-29,FAC-EAST,0
M01130,F,1988-06-08,36,30-44,FAC-CENTRAL,0
M01131,M,1964-05-17,60,60-74,FAC-WEST,1
M01132,F,1985-07-16,39,30-44,FAC-CENTRAL,0
M01133,F,1947-09-12,77,75+,FAC-NORTH,0
M01134,F,1968-01-16,56,45-59,FAC-WEST,0
M01135,F,1951-09-26,73,60-74,FAC-WEST,1
M01136,F,1990-07-04,34,30-44,FAC-EAST,0
M01137,M,1939-03-22,85,75+,FAC-CENTRAL,0
M01138,F,1992-09-04,32,30-44,FAC-CENTRAL,0
M01139,F,1944-07-18,80,75+,FAC-EAST,0
M01140,M,1966-02-18,58,45-59,FAC-CENTRAL,0
M01141,M,1989-08-14,35,30-44,FAC-CENTRAL,0
M01142,M,1943-04-05,81,75+,FAC-SOUTH,0
M01143,M,1982-06-26,42,30-44,FAC-WEST,0
M01144,F,1979-08-16,45,45-59,FAC-WEST,0
M01145,F,1964-01-03,60,60-74,FAC-SOUTH,0
M01146,F,1980-07-08,44,30-44,FAC-NORTH,0
M01147,M,1967-10-14,57,45-59,FAC-NORTH,0
M01148,F,1964-01-08,60,60-74,FAC-CENTRAL,0
M01149,F,1984-03-18,40,30-44,FAC-EAST,0
M01150,M,1946-06-17,78,75+,FAC-WEST,0
M01151,F,1947-10-04,77,75+,FAC-WEST,0
M01152,M,1998-09-29,26,18-29,FAC-EAST,0
M01153,F,1979-09-05,45,45-59,FAC-EAST,0
M01154,F,1987-02-02,37,30-44,FAC-EAST,0
M01155,M,1938-04-14,86,75+,FAC-WEST,0
M01156,F,1992-01-18,32,30-44,FAC-EAST,0
M01157,F,1971-11-30,53,45-59,FAC-SOUTH,1
M01158,M,1949-01-31,75,75+,FAC-EAST,1
M01159,F,1991-12-15,33,30-44,FAC-SOUTH,0
M01160,F,1949-10-18,75,75+,FAC-WEST,1
M01161,F,1982-01-03,42,30-44,FAC-CENTRAL,0
M01162,M,1965-04-18,59,45-59,FAC-NORTH,0
M01163,F,1980-06-08,44,30-44,FAC-CENTRAL,0
M01164,F,2006-01-12,18,18-29,FAC-CENTRAL,0
M01165,F,1963-11-04,61,60-74,FAC-NORTH,0
M01166,M,2003-08-30,21,18-29,FAC-SOUTH,0
M01167,M,1981-03-20,43,30-44,FAC-CENTRAL,0
M01168,M,1949-07-26,75,75+,FAC-SOUTH,1
M01169,F,1971-05-02,53,45-59,FAC-CENTRAL,1
M01170,F,1979-09-23,45,45-59,FAC-EAST,0
M01171,M,1987-06-30,37,30-44,FAC-CENTRAL,0
M01172,F,1985-05-20,39,30-44,FAC-EAST,0
M01173,M,2000-04-16,24,18-29,FAC-NORTH,1
M01174,F,1957-06-05,67,60-74,FAC-WEST,1
M01175,F,1948-08-23,76,75+,FAC-EAST,0
M01176,F,1938-05-28,86,75+,FAC-WEST,0
M01177,F,1994-07-01,30,30-44,FAC-WEST,0
M01178,M,1946-11-07,78,75+,FAC-SOUTH,0
M01179,F,1972-12-24,52,45-59,FAC-EAST,0
M01180,M,1947-10-29,77,75+,FAC-WEST,1
M01181,F,1961-10-29,63,60-74,FAC-SOUTH,0
M01182,M,1961-08-26,63,60-74,FAC-CENTRAL,0
M01183,F,1955-05-10,69,60-74,FAC-NORTH,0
M01184,M,1937-11-13,87,75+,FAC-WEST,0
M01185,F,1974-09-21,50,45-59,FAC-WEST,1
M01186,M,1997-12-30,27,18-29,FAC-CENTRAL,0
M01187,M,1950-09-17,74,60-74,FAC-CENTRAL,0
M01188,F,1983-07-22,41,30-44,FAC-CENTRAL,0
M01189,M,1991-08-25,33,30-44,FAC-EAST,0
M01190,F,1950-04-05,74,60-74,FAC-WEST,0
M01191,F,1992-07-08,32,30-44,FAC-WEST,0
M01192,M,1942-08-10,82,75+,FAC-NORTH,0
M01193,F,1988-08-31,36,30-44,FAC-NORTH,0
M01194,F,1986-11-06,38,30-44,FAC-WEST,0
M01195,M,1981-03-13,43,30-44,FAC-EAST,0
M01196,M,1933-07-26,91,75+,FAC-WEST,0
M01197,M,1994-08-29,30,30-44,FAC-CENTRAL,1
M01198,M,1990-01-25,34,30-44,FAC-CENTRAL,1
M01199,F,2005-06-25,19,18-29,FAC-EAST,0
M01200,F,1970-06-14,54,45-59,FAC-CENTRAL,0
M01201,M,1965-07-01,59,45-59,FAC-WEST,0
M01202,M,1937-03-21,87,75+,FAC-WEST,0
M01203,F,1981-09-15,43,30-44,FAC-EAST,0
M01204,M,1987-01-29,37,30-44,FAC-SOUTH,0
M01205,F,2005-05-15,19,18-29,FAC-SOUTH,0
M01206,M,1951-04-26,73,60-74,FAC-WEST,1
M01207,M,1951-08-19,73,60-74,FAC-CENTRAL,1
M01208,M,1935-11-20,89,75+,FAC-SOUTH,0
M01209,F,1951-08-29,73,60-74,FAC-WEST,1
M01210,F,1942-02-19,82,75+,FAC-CENTRAL,0
M01211,M,2002-06-02,22,18-29,FAC-EAST,0
M01212,F,1944-07-17,80,75+,FAC-CENTRAL,1
M01213,M,1946-10-14,78,75+,FAC-CENTRAL,1
M01214,F,1974-10-30,50,45-59,FAC-NORTH,0
M01215,M,1999-12-29,25,18-29,FAC-NORTH,0
M01216,M,1947-10-16,77,75+,FAC-CENTRAL,0
M01217,M,1953-01-04,71,60-74,FAC-EAST,0
M01218,M,1985-06-07,39,30-44,FAC-CENTRAL,0
M01219,M,1934-02-25,90,75+,FAC-WEST,1
M01220,F,1999-07-21,25,18-29,FAC-CENTRAL,0
M01221,F,1969-10-24,55,45-59,FAC-CENTRAL,1
M01222,F,1971-02-20,53,45-59,FAC-EAST,1
M01223,M,1974-06-21,50,45-59,FAC-CENTRAL,0
M01224,F,1986-07-23,38,30-44,FAC-SOUTH,0
M01225,M,1975-10-23,49,45-59,FAC-CENTRAL,1
M01226,F,1963-05-19,61,60-74,FAC-CENTRAL,0
M01227,F,1942-12-07,82,75+,FAC-SOUTH,0
M01228,M,1985-03-10,39,30-44,FAC-EAST,0
M01229,F,1973-04-30,51,45-59,FAC-WEST,1
M01230,M,1946-02-01,78,75+,FAC-CENTRAL,0
M01231,F,1957-07-18,67,60-74,FAC-WEST,0
M01232,M,1987-09-27,37,30-44,FAC-NORTH,0
M01233,M,1948-12-21,76,75+,FAC-CENTRAL,0
M01234,F,1993-09-24,31,30-44,FAC-WEST,0
M01235,M,1964-02-13,60,60-74,FAC-NORTH,0
M01236,M,1955-11-09,69,60-74,FAC-SOUTH,0
M01237,F,1940-01-16,84,75+,FAC-SOUTH,0
M01238,M,1936-07-02,88,75+,FAC-NORTH,0
M01239,F,1954-05-14,70,60-74,FAC-WEST,0
M01240,M,1978-02-02,46,45-59,FAC-NORTH,0
M01241,F,1995-05-25,29,18-29,FAC-SOUTH,0
M01242,F,1991-05-11,33,30-44,FAC-SOUTH,0
M01243,M,1934-04-05,90,75+,FAC-SOUTH,0
M01244,M,1968-11-02,56,45-59,FAC-NORTH,0
M01245,M,1970-11-23,54,45-59,FAC-EAST,0
M01246,M,1986-05-19,38,30-44,FAC-NORTH,0
M01247,M,1957-01-13,67,60-74,FAC-EAST,0
M01248,M,1983-11-13,41,30-44,FAC-SOUTH,1
M01249,M,1983-07-31,41,30-44,FAC-SOUTH,0
M01250,M,1978-08-17,46,45-59,FAC-WEST,0
M01251,M,1993-06-06,31,30-44,FAC-CENTRAL,1
M01252,M,1949-06-25,75,75+,FAC-SOUTH,0
M01253,F,2001-07-16,23,18-29,FAC-SOUTH,0
M01254,M,1955-09-12,69,60-74,FAC-WEST,1
M01255,M,1950-12-10,74,60-74,FAC-NORTH,0
M01256,F,2005-12-06,19,18-29,FAC-WEST,0
M01257,F,1933-10-07,91,75+,FAC-EAST,0
M01258,M,1967-12-07,57,45-59,FAC-NORTH,1
M01259,M,1938-01-14,86,75+,FAC-WEST,1
M01260,M,1981-03-28,43,30-44,FAC-WEST,0
M01261,F,1967-07-09,57,45-59,FAC-NORTH,0
M01262,M,1944-05-23,80,75+,FAC-WEST,0
M01263,F,1989-06-06,35,30-44,FAC-CENTRAL,0
M01264,F,1943-12-19,81,75+,FAC-CENTRAL,1
M01265,M,1942-10-06,82,75+,FAC-WEST,0
M01266,F,2001-12-30,23,18-29,FAC-NORTH,1
M01267,M,1991-03-08,33,30-44,FAC-CENTRAL,0
M01268,M,1938-04-22,86,75+,FAC-SOUTH,0
M01269,F,2002-04-10,22,18-29,FAC-NORTH,0
M01270,M,2001-02-17,23,18-29,FAC-SOUTH,0
M01271,F,1983-08-07,41,30-44,FAC-EAST,1
M01272,F,1947-08-27,77,75+,FAC-CENTRAL,1
M01273,F,1993-04-26,31,30-44,FAC-CENTRAL,0
M01274,F,1998-03-11,26,18-29,FAC-WEST,0
M01275,M,1990-07-09,34,30-44,FAC-SOUTH,0
M01276,M,1979-06-04,45,45-59,FAC-EAST,0
M01277,F,1991-02-04,33,30-44,FAC-WEST,0
M01278,F,1958-09-22,66,60-74,FAC-SOUTH,1
M01279,F,1989-05-04,35,30-44,FAC-CENTRAL,0
M01280,M,1986-06-17,38,30-44,FAC-NORTH,0
M01281,F,2006-03-21,18,18-29,FAC-CENTRAL,0
M01282,M,1952-07-13,72,60-74,FAC-WEST,0
M01283,F,1980-04-14,44,30-44,FAC-CENTRAL,0
M01284,M,1954-03-03,70,60-74,FAC-CENTRAL,0
M01285,F,1982-10-14,42,30-44,FAC-NORTH,0
M01286,M,1961-11-29,63,60-74,FAC-SOUTH,1
M01287,F,1990-09-26,34,30-44,FAC-CENTRAL,0
M01288,M,1936-10-21,88,75+,FAC-SOUTH,1
M01289,M,2000-03-14,24,18-29,FAC-SOUTH,0
M01290,M,1943-04-07,81,75+,FAC-NORTH,1
M01291,F,1960-02-07,64,60-74,FAC-EAST,1
M01292,M,1948-06-12,76,75+,FAC-NORTH,1
M01293,F,1986-06-11,38,30-44,FAC-NORTH,0
M01294,F,1975-11-13,49,45-59,FAC-EAST,0
M01295,M,1980-07-15,44,30-44,FAC-SOUTH,0
M01296,F,1965-03-06,59,45-59,FAC-WEST,1
M01297,F,1958-03-12,66,60-74,FAC-CENTRAL,1
M01298,M,1999-11-11,25,18-29,FAC-CENTRAL,0
M01299,M,1983-12-10,41,30-44,FAC-WEST,0
M01300,F,1961-02-13,63,60-74,FAC-SOUTH,1
M01301,F,1934-06-08,90,75+,FAC-NORTH,0
M01302,M,1947-12-03,77,75+,FAC-EAST,1
M01303,F,1968-08-24,56,45-59,FAC-CENTRAL,1
M01304,F,1936-03-12,88,75+,FAC-CENTRAL,1
M01305,M,1978-08-29,46,45-59,FAC-WEST,0
M01306,M,2004-11-13,20,18-29,FAC-SOUTH,0
M01307,F,1964-11-20,60,60-74,FAC-CENTRAL,0
M01308,F,2005-11-19,19,18-29,FAC-NORTH,0
M01309,M,1942-06-19,82,75+,FAC-WEST,0
M01310,M,1993-11-04,31,30-44,FAC-NORTH,0
M01311,F,1954-03-14,70,60-74,FAC-EAST,1
M01312,F,1995-06-15,29,18-29,FAC-EAST,0
M01313,F,1947-09-16,77,75+,FAC-NORTH,0
M01314,M,1947-04-26,77,75+,FAC-WEST,0
M01315,F,1958-08-16,66,60-74,FAC-NORTH,0
M01316,F,1956-07-14,68,60-74,FAC-NORTH,0
M01317,M,1952-02-16,72,60-74,FAC-CENTRAL,0
M01318,F,1995-08-10,29,18-29,FAC-NORTH,0
M01319,M,2000-04-26,24,18-29,FAC-WEST,0
M01320,F,1959-12-27,65,60-74,FAC-CENTRAL,1
M01321,F,1934-07-10,90,75+,FAC-SOUTH,0
M01322,M,1975-09-25,49,45-59,FAC-WEST,1
M01323,F,1978-01-14,46,45-59,FAC-EAST,0
M01324,M,1971-06-02,53,45-59,FAC-EAST,1
M01325,M,1943-10-23,81,75+,FAC-NORTH,0
M01326,M,1937-07-25,87,75+,FAC-EAST,0
M01327,M,1958-07-23,66,60-74,FAC-NORTH,0
M01328,F,1948-05-21,76,75+,FAC-SOUTH,1
M01329,M,1997-04-28,27,18-29,FAC-NORTH,0
M01330,F,1943-04-20,81,75+,FAC-CENTRAL,0
M01331,F,1968-11-28,56,45-59,FAC-CENTRAL,0
M01332,F,1946-01-09,78,75+,FAC-NORTH,0
M01333,M,1982-05-25,42,30-44,FAC-SOUTH,1
M01334,M,1953-09-10,71,60-74,FAC-EAST,0
M01335,M,1938-09-30,86,75+,FAC-EAST,0
M01336,F,1967-04-04,57,45-59,FAC-SOUTH,0
M01337,M,1959-02-05,65,60-74,FAC-NORTH,0
M01338,F,1961-02-06,63,60-74,FAC-SOUTH,0
M01339,F,1938-02-11,86,75+,FAC-SOUTH,1
M01340,F,1986-02-24,38,30-44,FAC-EAST,0
M01341,F,1950-02-21,74,60-74,FAC-SOUTH,0
M01342,F,1966-01-05,58,45-59,FAC-WEST,1
M01343,F,1938-02-03,86,75+,FAC-NORTH,1
M01344,M,1943-04-23,81,75+,FAC-EAST,0
M01345,F,2005-09-14,19,18-29,FAC-EAST,0
M01346,M,1946-02-07,78,75+,FAC-CENTRAL,0
M01347,F,1933-11-24,91,75+,FAC-NORTH,0
M01348,M,2001-04-11,23,18-29,FAC-NORTH,0
M01349,M,2002-11-28,22,18-29,FAC-SOUTH,0
M01350,M,1961-05-15,63,60-74,FAC-CENTRAL,0
M01351,F,1939-03-16,85,75+,FAC-EAST,0
M01352,F,2004-05-09,20,18-29,FAC-WEST,0
M01353,F,1940-12-17,84,75+,FAC-EAST,1
M01354,F,1959-12-11,65,60-74,FAC-WEST,1
M01355,M,1956-12-24,68,60-74,FAC-EAST,1
M01356,M,1966-11-14,58,45-59,FAC-NORTH,0
M01357,F,1949-12-04,75,75+,FAC-EAST,0
M01358,F,1951-12-04,73,60-74,FAC-CENTRAL,1
M01359,F,1988-03-10,36,30-44,FAC-CENTRAL,0
M01360,M,1997-08-24,27,18-29,FAC-NORTH,0
M01361,F,1953-08-10,71,60-74,FAC-WEST,0
M01362,F,1934-11-14,90,75+,FAC-SOUTH,0
M01363,F,1982-12-13,42,30-44,FAC-WEST,0
M01364,F,1967-09-04,57,45-59,FAC-CENTRAL,0
M01365,M,1978-06-14,46,45-59,FAC-SOUTH,0
M01366,M,1967-08-07,57,45-59,FAC-WEST,0
M01367,F,1969-11-28,55,45-59,FAC-SOUTH,1
M01368,F,1991-02-03,33,30-44,FAC-NORTH,0
M01369,M,1944-09-19,80,75+,FAC-EAST,0
M01370,M,1990-12-15,34,30-44,FAC-CENTRAL,0
M01371,F,1973-04-06,51,45-59,FAC-SOUTH,0
M01372,M,1946-07-16,78,75+,FAC-SOUTH,1
M01373,F,1971-12-27,53,45-59,FAC-EAST,0
M01374,F,1969-01-31,55,45-59,FAC-NORTH,0
M01375,F,1983-05-09,41,30-44,FAC-SOUTH,0
M01376,M,1965-07-15,59,45-59,FAC-EAST,0
M01377,M,1993-09-23,31,30-44,FAC-SOUTH,0
M01378,F,1988-10-02,36,30-44,FAC-WEST,0
M01379,M,1963-04-09,61,60-74,FAC-SOUTH,1
M01380,F,1981-09-13,43,30-44,FAC-CENTRAL,0
M01381,F,1952-11-10,72,60-74,FAC-NORTH,0
M01382,F,2003-10-19,21,18-29,FAC-EAST,0
M01383,F,1949-09-02,75,75+,FAC-EAST,0
M01384,F,1968-06-15,56,45-59,FAC-NORTH,0
M01385,F,1989-07-04,35,30-44,FAC-SOUTH,0
M01386,M,1990-03-09,34,30-44,FAC-NORTH,0
M01387,M,1992-05-15,32,30-44,FAC-WEST,1
M01388,M,2001-03-13,23,18-29,FAC-CENTRAL,0
M01389,F,1946-05-06,78,75+,FAC-NORTH,0
M01390,F,1967-07-24,57,45-59,FAC-NORTH,1
M01391,F,1979-08-31,45,45-59,FAC-SOUTH,0
M01392,M,2003-05-06,21,18-29,FAC-EAST,0
M01393,M,1961-04-10,63,60-74,FAC-CENTRAL,0
M01394,F,1941-09-18,83,75+,FAC-CENTRAL,1
M01395,F,1939-03-18,85,75+,FAC-EAST,0
M01396,F,1938-07-05,86,75+,FAC-NORTH,0
M01397,F,1941-07-09,83,75+,FAC-CENTRAL,0
M01398,F,1949-07-25,75,75+,FAC-SOUTH,0
M01399,M,1957-11-27,67,60-74,FAC-SOUTH,1
M01400,M,1992-01-15,32,30-44,FAC-NORTH,0
M01401,F,1943-01-03,81,75+,FAC-CENTRAL,0
M01402,F,1996-01-07,28,18-29,FAC-WEST,0
M01403,M,1947-09-01,77,75+,FAC-WEST,0
M01404,F,1935-12-12,89,75+,FAC-WEST,0
M01405,F,1997-10-22,27,18-29,FAC-EAST,0
M01406,F,2004-07-10,20,18-29,FAC-NORTH,0
M01407,M,1949-10-10,75,75+,FAC-NORTH,0
M01408,F,1987-12-05,37,30-44,FAC-CENTRAL,0
M01409,F,1985-05-23,39,30-44,FAC-SOUTH,0
M01410,M,1980-08-26,44,30-44,FAC-WEST,0
M01411,F,1976-11-22,48,45-59,FAC-EAST,0
M01412,M,1955-01-02,69,60-74,FAC-CENTRAL,0
M01413,M,1943-10-18,81,75+,FAC-WEST,0
M01414,F,1991-02-16,33,30-44,FAC-SOUTH,0
M01415,F,2003-05-02,21,18-29,FAC-NORTH,0
M01416,M,2003-03-22,21,18-29,FAC-EAST,0
M01417,F,1967-08-16,57,45-59,FAC-NORTH,0
M01418,M,1947-03-24,77,75+,FAC-WEST,0
M01419,M,1942-02-23,82,75+,FAC-CENTRAL,0
M01420,F,2001-11-13,23,18-29,FAC-NORTH,0
M01421,M,1949-01-24,75,75+,FAC-WEST,0
M01422,M,2002-06-05,22,18-29,FAC-EAST,0
M01423,F,1943-11-28,81,75+,FAC-WEST,1
M01424,M,1991-09-06,33,30-44,FAC-CENTRAL,0
M01425,M,1945-09-21,79,75+,FAC-CENTRAL,0
M01426,F,1956-02-19,68,60-74,FAC-WEST,0
M01427,M,1970-01-16,54,45-59,FAC-CENTRAL,1
M01428,F,1989-12-19,35,30-44,FAC-CENTRAL,0
M01429,F,1962-12-19,62,60-74,FAC-EAST,1
M01430,M,1954-01-05,70,60-74,FAC-SOUTH,1
M01431,F,1975-08-01,49,45-59,FAC-NORTH,0
M01432,F,1967-05-03,57,45-59,FAC-NORTH,0
M01433,M,2001-10-29,23,18-29,FAC-WEST,0
M01434,M,1972-06-18,52,45-59,FAC-CENTRAL,0
M01435,F,1965-12-19,59,45-59,FAC-EAST,0
M01436,F,1944-05-15,80,75+,FAC-SOUTH,0
M01437,M,1942-10-22,82,75+,FAC-EAST,0
M01438,F,1967-12-26,57,45-59,FAC-SOUTH,0
M01439,M,1996-09-21,28,18-29,FAC-EAST,0
M01440,F,1967-09-10,57,45-59,FAC-SOUTH,0
M01441,F,1993-08-24,31,30-44,FAC-NORTH,0
M01442,M,1952-03-18,72,60-74,FAC-NORTH,0
M01443,M,1942-02-03,82,75+,FAC-CENTRAL,0
M01444,M,1980-11-26,44,30-44,FAC-CENTRAL,0
M01445,M,1936-04-06,88,75+,FAC-CENTRAL,0
M01446,F,1943-03-19,81,75+,FAC-WEST,0
M01447,M,1937-08-27,87,75+,FAC-WEST,0
M01448,F,1940-03-26,84,75+,FAC-SOUTH,0
M01449,F,1986-07-10,38,30-44,FAC-WEST,0
M01450,M,1966-05-29,58,45-59,FAC-WEST,0
M01451,M,1969-08-03,55,45-59,FAC-CENTRAL,1
M01452,F,1955-03-03,69,60-74,FAC-SOUTH,1
M01453,F,1975-01-21,49,45-59,FAC-CENTRAL,0
M01454,M,1951-08-07,73,60-74,FAC-SOUTH,0
M01455,F,1972-04-20,52,45-59,FAC-EAST,1
M01456,F,2000-10-16,24,18-29,FAC-NORTH,0
M01457,F,1965-08-26,59,45-59,FAC-NORTH,0
M01458,M,1959-07-24,65,60-74,FAC-NORTH,0
M01459,M,1989-02-24,35,30-44,FAC-CENTRAL,0
M01460,F,1939-08-01,85,75+,FAC-CENTRAL,0
M01461,M,1943-05-21,81,75+,FAC-NORTH,0
M01462,M,1963-09-05,61,60-74,FAC-SOUTH,0
M01463,M,1979-04-15,45,45-59,FAC-SOUTH,1
M01464,M,1949-12-07,75,75+,FAC-CENTRAL,0
M01465,F,1943-10-06,81,75+,FAC-NORTH,0
M01466,M,1936-12-03,88,75+,FAC-SOUTH,0
M01467,M,1987-12-22,37,30-44,FAC-EAST,0
M01468,M,2003-07-26,21,18-29,FAC-CENTRAL,0
M01469,F,1999-07-04,25,18-29,FAC-SOUTH,0
M01470,M,1935-12-24,89,75+,FAC-EAST,0
M01471,F,1938-03-08,86,75+,FAC-WEST,0
M01472,F,1956-02-23,68,60-74,FAC-SOUTH,0
M01473,M,1980-04-05,44,30-44,FAC-EAST,0
M01474,M,2002-02-01,22,18-29,FAC-WEST,0
M01475,M,1954-01-14,70,60-74,FAC-NORTH,0
M01476,F,1972-10-12,52,45-59,FAC-WEST,1
M01477,M,1947-07-15,77,75+,FAC-NORTH,1
M01478,F,1949-08-10,75,75+,FAC-WEST,1
M01479,F,1967-01-21,57,45-59,FAC-NORTH,0
M01480,F,1974-10-07,50,45-59,FAC-SOUTH,0
M01481,M,1965-11-11,59,45-59,FAC-SOUTH,0
M01482,M,1983-07-10,41,30-44,FAC-EAST,0
M01483,M,1981-05-14,43,30-44,FAC-SOUTH,0
M01484,M,1957-09-13,67,60-74,FAC-NORTH,0
M01485,F,1994-10-30,30,30-44,FAC-SOUTH,0
M01486,F,1954-08-21,70,60-74,FAC-EAST,0
M01487,F,1994-12-17,30,30-44,FAC-CENTRAL,0
M01488,F,2004-09-24,20,18-29,FAC-WEST,0
M01489,M,1991-03-02,33,30-44,FAC-SOUTH,0
M01490,M,1969-10-19,55,45-59,FAC-WEST,0
M01491,F,1979-02-03,45,45-59,FAC-SOUTH,0
M01492,M,1982-11-29,42,30-44,FAC-NORTH,0
M01493,M,1973-02-28,51,45-59,FAC-SOUTH,0
M01494,M,1948-05-22,76,75+,FAC-SOUTH,1
M01495,M,1955-07-17,69,60-74,FAC-WEST,1
M01496,M,1974-05-22,50,45-59,FAC-NORTH,1
M01497,F,1964-03-02,60,60-74,FAC-EAST,0
M01498,F,2006-02-11,18,18-29,FAC-WEST,0
M01499,M,1955-07-25,69,60-74,FAC-CENTRAL,0
M01500,F,1984-02-13,40,30-44,FAC-WEST,0
M01501,M,1947-04-29,77,75+,FAC-CENTRAL,1
M01502,M,1988-02-12,36,30-44,FAC-NORTH,0
M01503,F,1943-02-13,81,75+,FAC-WEST,0
M01504,M,1972-08-19,52,45-59,FAC-EAST,0
M01505,M,1951-04-11,73,60-74,FAC-WEST,0
M01506,F,1934-08-06,90,75+,FAC-WEST,0
M01507,F,1982-04-11,42,30-44,FAC-SOUTH,1
M01508,F,1946-02-22,78,75+,FAC-WEST,1
M01509,M,1991-10-14,33,30-44,FAC-EAST,1
M01510,M,1947-10-26,77,75+,FAC-SOUTH,1
M01511,F,1962-05-15,62,60-74,FAC-EAST,1
M01512,F,1984-10-08,40,30-44,FAC-CENTRAL,0
M01513,F,2005-09-24,19,18-29,FAC-SOUTH,0
M01514,M,1997-02-16,27,18-29,FAC-NORTH,0
M01515,M,2003-01-27,21,18-29,FAC-NORTH,0
M01516,M,1958-09-03,66,60-74,FAC-NORTH,0
M01517,M,1987-06-11,37,30-44,FAC-WEST,0
M01518,M,1971-08-29,53,45-59,FAC-EAST,0
M01519,F,1949-01-19,75,75+,FAC-CENTRAL,0
M01520,F,1979-06-03,45,45-59,FAC-EAST,0
M01521,M,1999-05-17,25,18-29,FAC-CENTRAL,0
M01522,M,1994-12-01,30,30-44,FAC-SOUTH,0
M01523,M,1995-06-13,29,18-29,FAC-SOUTH,0
M01524,M,1955-02-08,69,60-74,FAC-SOUTH,0
M01525,F,1967-10-22,57,45-59,FAC-EAST,0
M01526,F,1960-07-26,64,60-74,FAC-EAST,1
M01527,F,1943-11-20,81,75+,FAC-WEST,0
M01528,M,1933-09-04,91,75+,FAC-WEST,0
M01529,M,1982-11-16,42,30-44,FAC-NORTH,0
M01530,F,1941-01-13,83,75+,FAC-SOUTH,0
M01531,F,1942-10-10,82,75+,FAC-CENTRAL,0
M01532,F,1968-11-02,56,45-59,FAC-WEST,0
M01533,M,1987-04-21,37,30-44,FAC-EAST,0
M01534,F,1939-12-01,85,75+,FAC-NORTH,0
M01535,F,2000-10-02,24,18-29,FAC-WEST,0
M01536,M,1993-10-29,31,30-44,FAC-CENTRAL,0
M01537,M,1961-02-21,63,60-74,FAC-CENTRAL,0
M01538,F,1991-07-21,33,30-44,FAC-SOUTH,0
M01539,M,2001-05-10,23,18-29,FAC-EAST,0
M01540,M,1947-07-27,77,75+,FAC-EAST,0
M01541,M,1983-03-10,41,30-44,FAC-CENTRAL,0
M01542,M,1992-11-13,32,30-44,FAC-NORTH,0
M01543,M,1992-06-17,32,30-44,FAC-WEST,0
M01544,M,1954-08-01,70,60-74,FAC-CENTRAL,0
M01545,M,1967-08-18,57,45-59,FAC-CENTRAL,0
M01546,M,1956-01-30,68,60-74,FAC-SOUTH,1
M01547,F,1982-04-30,42,30-44,FAC-SOUTH,0
M01548,F,1979-10-24,45,45-59,FAC-SOUTH,0
M01549,M,1938-04-01,86,75+,FAC-WEST,1
M01550,F,1945-12-01,79,75+,FAC-SOUTH,1
M01551,F,1949-10-29,75,75+,FAC-WEST,0
M01552,F,1981-01-27,43,30-44,FAC-WEST,0
M01553,F,1964-06-26,60,60-74,FAC-WEST,1
M01554,M,1942-09-13,82,75+,FAC-CENTRAL,0
M01555,M,2001-10-15,23,18-29,FAC-CENTRAL,0
M01556,M,1977-05-27,47,45-59,FAC-WEST,0
M01557,M,1936-06-05,88,75+,FAC-WEST,0
M01558,M,1991-10-14,33,30-44,FAC-EAST,0
M01559,M,1951-06-24,73,60-74,FAC-SOUTH,1
M01560,M,1961-11-19,63,60-74,FAC-SOUTH,0
M01561,M,1947-04-29,77,75+,FAC-WEST,0
M01562,M,1959-11-03,65,60-74,FAC-SOUTH,0
M01563,F,1969-07-11,55,45-59,FAC-WEST,0
M01564,F,1984-03-15,40,30-44,FAC-WEST,0
M01565,F,1952-10-24,72,60-74,FAC-SOUTH,0
M01566,F,2003-12-20,21,18-29,FAC-EAST,0
M01567,F,1983-10-12,41,30-44,FAC-NORTH,1
M01568,M,1951-05-07,73,60-74,FAC-NORTH,0
M01569,F,1944-02-24,80,75+,FAC-EAST,0
M01570,F,1935-02-22,89,75+,FAC-CENTRAL,0
M01571,F,1999-11-10,25,18-29,FAC-NORTH,0
M01572,F,1992-09-09,32,30-44,FAC-NORTH,1
M01573,F,1991-03-11,33,30-44,FAC-SOUTH,0
M01574,M,1949-10-18,75,75+,FAC-NORTH,0
M01575,F,1960-01-12,64,60-74,FAC-NORTH,0
M01576,F,1949-12-04,75,75+,FAC-NORTH,0
M01577,F,1946-01-12,78,75+,FAC-SOUTH,0
M01578,F,1971-12-21,53,45-59,FAC-WEST,0
M01579,M,1975-04-12,49,45-59,FAC-CENTRAL,0
M01580,M,1977-04-18,47,45-59,FAC-WEST,0
M01581,M,1947-10-14,77,75+,FAC-EAST,0
M01582,F,1950-04-21,74,60-74,FAC-CENTRAL,0
M01583,F,1996-01-01,28,18-29,FAC-SOUTH,0
M01584,M,1998-12-03,26,18-29,FAC-SOUTH,0
M01585,F,1940-02-06,84,75+,FAC-CENTRAL,0
M01586,M,1966-01-05,58,45-59,FAC-EAST,1
M01587,F,1954-11-17,70,60-74,FAC-CENTRAL,0
M01588,M,1961-08-03,63,60-74,FAC-SOUTH,0
M01589,M,1996-06-04,28,18-29,FAC-WEST,0
M01590,F,1939-10-04,85,75+,FAC-NORTH,0
M01591,M,1940-01-14,84,75+,FAC-SOUTH,0
M01592,F,2002-09-18,22,18-29,FAC-SOUTH,0
M01593,M,1951-10-19,73,60-74,FAC-NORTH,1
M01594,M,1972-08-11,52,45-59,FAC-NORTH,0
M01595,F,1990-11-07,34,30-44,FAC-NORTH,0
M01596,M,1963-03-03,61,60-74,FAC-CENTRAL,0
M01597,F,1962-01-29,62,60-74,FAC-CENTRAL,0
M01598,F,1957-10-09,67,60-74,FAC-NORTH,0
M01599,M,1939-09-12,85,75+,FAC-EAST,1
M01600,M,1994-04-09,30,30-44,FAC-WEST,0
M01601,F,1995-05-23,29,18-29,FAC-SOUTH,0
M01602,M,1978-11-11,46,45-59,FAC-CENTRAL,1
M01603,M,1934-10-16,90,75+,FAC-EAST,0
M01604,M,1951-11-21,73,60-74,FAC-WEST,0
M01605,M,1986-04-13,38,30-44,FAC-WEST,0
M01606,M,1989-06-29,35,30-44,FAC-CENTRAL,0
M01607,F,1978-11-06,46,45-59,FAC-SOUTH,0
M01608,M,1990-08-20,34,30-44,FAC-NORTH,0
M01609,F,1958-09-13,66,60-74,FAC-CENTRAL,0
M01610,F,1990-12-16,34,30-44,FAC-EAST,0
M01611,M,1968-10-24,56,45-59,FAC-SOUTH,1
M01612,F,1953-06-09,71,60-74,FAC-EAST,0
M01613,M,1979-03-26,45,45-59,FAC-WEST,0
M01614,F,1990-09-17,34,30-44,FAC-NORTH,0
M01615,M,1944-09-15,80,75+,FAC-WEST,0
M01616,M,1957-11-01,67,60-74,FAC-CENTRAL,0
M01617,F,1988-10-09,36,30-44,FAC-WEST,0
M01618,M,1987-01-10,37,30-44,FAC-CENTRAL,0
M01619,M,1957-03-05,67,60-74,FAC-EAST,0
M01620,F,1950-02-12,74,60-74,FAC-SOUTH,0
M01621,F,1966-09-16,58,45-59,FAC-CENTRAL,0
M01622,F,1981-08-14,43,30-44,FAC-NORTH,0
M01623,F,1945-10-21,79,75+,FAC-NORTH,0
M01624,F,2004-02-01,20,18-29,FAC-SOUTH,0
M01625,M,1995-09-23,29,18-29,FAC-WEST,0
M01626,F,1944-06-24,80,75+,FAC-SOUTH,0
M01627,M,2002-09-24,22,18-29,FAC-EAST,0
M01628,F,1992-05-04,32,30-44,FAC-EAST,0
M01629,F,1983-02-16,41,30-44,FAC-SOUTH,0
M01630,M,1953-07-21,71,60-74,FAC-CENTRAL,1
M01631,M,1983-06-13,41,30-44,FAC-EAST,0
M01632,M,1994-01-11,30,30-44,FAC-EAST,0
M01633,M,1958-05-02,66,60-74,FAC-SOUTH,1
M01634,F,1942-10-19,82,75+,FAC-WEST,0
M01635,F,1972-05-28,52,45-59,FAC-CENTRAL,0
M01636,M,1997-10-18,27,18-29,FAC-SOUTH,1
M01637,F,1971-09-19,53,45-59,FAC-NORTH,0
M01638,F,1934-08-09,90,75+,FAC-EAST,0
M01639,M,1949-05-23,75,75+,FAC-CENTRAL,0
M01640,F,1987-12-16,37,30-44,FAC-SOUTH,0
M01641,F,1937-12-03,87,75+,FAC-CENTRAL,0
M01642,M,2001-06-21,23,18-29,FAC-CENTRAL,0
M01643,M,1985-06-25,39,30-44,FAC-WEST,1
M01644,M,1973-07-15,51,45-59,FAC-EAST,0
M01645,F,1941-02-12,83,75+,FAC-CENTRAL,1
M01646,F,1968-05-15,56,45-59,FAC-NORTH,0
M01647,F,1935-02-15,89,75+,FAC-SOUTH,0
M01648,M,1962-08-10,62,60-74,FAC-WEST,0
M01649,M,1974-07-24,50,45-59,FAC-EAST,0
M01650,F,1947-09-02,77,75+,FAC-SOUTH,0
M01651,F,1946-07-03,78,75+,FAC-SOUTH,0
M01652,M,1934-07-17,90,75+,FAC-WEST,0
M01653,F,1996-09-20,28,18-29,FAC-WEST,1
M01654,F,1960-12-21,64,60-74,FAC-EAST,0
M01655,M,1983-07-05,41,30-44,FAC-NORTH,0
M01656,M,1959-03-26,65,60-74,FAC-SOUTH,0
M01657,F,1970-07-16,54,45-59,FAC-EAST,0
M01658,F,1994-08-13,30,30-44,FAC-SOUTH,0
M01659,F,1943-01-02,81,75+,FAC-WEST,1
M01660,F,2006-03-12,18,18-29,FAC-WEST,0
M01661,F,1970-09-11,54,45-59,FAC-SOUTH,0
M01662,F,1933-07-29,91,75+,FAC-CENTRAL,0
M01663,F,1997-08-25,27,18-29,FAC-NORTH,0
M01664,F,1972-09-10,52,45-59,FAC-CENTRAL,0
M01665,M,1981-07-14,43,30-44,FAC-CENTRAL,1
M01666,M,1934-11-18,90,75+,FAC-WEST,1
M01667,F,1964-11-21,60,60-74,FAC-WEST,0
M01668,M,1990-07-11,34,30-44,FAC-WEST,0
M01669,M,1940-06-14,84,75+,FAC-SOUTH,0
M01670,F,1970-11-26,54,45-59,FAC-EAST,0
M01671,F,1956-03-25,68,60-74,FAC-CENTRAL,0
M01672,F,1977-07-09,47,45-59,FAC-NORTH,0
M01673,F,1981-04-03,43,30-44,FAC-NORTH,0
M01674,F,2002-10-19,22,18-29,FAC-NORTH,0
M01675,M,1974-02-22,50,45-59,FAC-SOUTH,1
M01676,M,2000-01-03,24,18-29,FAC-SOUTH,0
M01677,F,1950-05-17,74,60-74,FAC-CENTRAL,0
M01678,F,1996-05-22,28,18-29,FAC-WEST,0
M01679,M,1998-04-18,26,18-29,FAC-WEST,1
M01680,F,1967-08-22,57,45-59,FAC-NORTH,0
M01681,F,1998-09-09,26,18-29,FAC-WEST,1
M01682,M,1993-08-11,31,30-44,FAC-SOUTH,0
M01683,F,1947-12-21,77,75+,FAC-WEST,0
M01684,F,1962-08-02,62,60-74,FAC-NORTH,0
M01685,M,1940-01-20,84,75+,FAC-NORTH,0
M01686,F,2004-08-20,20,18-29,FAC-CENTRAL,0
M01687,F,1989-08-02,35,30-44,FAC-EAST,0
M01688,M,1944-08-22,80,75+,FAC-SOUTH,0
M01689,F,2001-05-22,23,18-29,FAC-CENTRAL,0
M01690,M,1940-08-07,84,75+,FAC-EAST,0
M01691,F,1987-10-28,37,30-44,FAC-EAST,0
M01692,M,1959-06-28,65,60-74,FAC-SOUTH,0
M01693,F,1975-10-12,49,45-59,FAC-CENTRAL,0
M01694,F,1952-01-09,72,60-74,FAC-SOUTH,1
M01695,F,1997-12-30,27,18-29,FAC-WEST,0
M01696,M,1963-09-08,61,60-74,FAC-EAST,0
M01697,M,1953-01-16,71,60-74,FAC-WEST,1
M01698,F,1943-03-16,81,75+,FAC-SOUTH,0
M01699,F,1946-08-20,78,75+,FAC-WEST,1
M01700,M,1958-03-19,66,60-74,FAC-NORTH,0
M01701,M,2005-05-14,19,18-29,FAC-CENTRAL,0
M01702,F,1988-01-28,36,30-44,FAC-CENTRAL,0
M01703,M,2001-06-06,23,18-29,FAC-EAST,0
M01704,F,1978-02-13,46,45-59,FAC-EAST,0
M01705,F,1984-03-17,40,30-44,FAC-EAST,1
M01706,F,2003-07-10,21,18-29,FAC-NORTH,0
M01707,M,1980-01-22,44,30-44,FAC-EAST,0
M01708,M,1984-09-29,40,30-44,FAC-CENTRAL,0
M01709,M,1998-04-23,26,18-29,FAC-SOUTH,0
M01710,F,1981-09-27,43,30-44,FAC-EAST,0
M01711,M,1951-08-13,73,60-74,FAC-NORTH,0
M01712,F,1938-02-07,86,75+,FAC-EAST,0
M01713,F,1999-08-04,25,18-29,FAC-SOUTH,0
M01714,M,1980-05-16,44,30-44,FAC-CENTRAL,0
M01715,F,1984-10-08,40,30-44,FAC-CENTRAL,0
M01716,M,1942-10-14,82,75+,FAC-EAST,0
M01717,M,1938-07-17,86,75+,FAC-WEST,0
M01718,M,1971-09-05,53,45-59,FAC-CENTRAL,0
M01719,F,1980-03-06,44,30-44,FAC-WEST,0
M01720,F,1956-03-13,68,60-74,FAC-WEST,0
M01721,F,1959-02-22,65,60-74,FAC-SOUTH,0
M01722,F,1968-11-14,56,45-59,FAC-SOUTH,0
M01723,F,1946-10-16,78,75+,FAC-WEST,0
M01724,M,1946-11-26,78,75+,FAC-WEST,0
M01725,M,1971-12-16,53,45-59,FAC-WEST,1
M01726,F,1972-08-02,52,45-59,FAC-NORTH,1
M01727,M,1941-10-17,83,75+,FAC-NORTH,0
M01728,M,1977-05-08,47,45-59,FAC-EAST,1
M01729,F,1937-03-27,87,75+,FAC-EAST,0
M01730,M,1967-07-16,57,45-59,FAC-SOUTH,0
M01731,F,1937-02-24,87,75+,FAC-EAST,1
M01732,M,1961-12-07,63,60-74,FAC-CENTRAL,0
M01733,F,1945-08-05,79,75+,FAC-SOUTH,0
M01734,M,1977-03-03,47,45-59,FAC-SOUTH,0
M01735,M,1976-10-06,48,45-59,FAC-CENTRAL,0
M01736,M,1947-01-12,77,75+,FAC-EAST,0
M01737,F,1951-07-12,73,60-74,FAC-WEST,0
M01738,M,1935-06-23,89,75+,FAC-CENTRAL,0
M01739,F,1967-06-26,57,45-59,FAC-EAST,0
M01740,M,1977-11-25,47,45-59,FAC-WEST,0
M01741,M,1964-09-03,60,60-74,FAC-NORTH,1
M01742,F,1987-01-07,37,30-44,FAC-CENTRAL,0
M01743,M,1958-03-20,66,60-74,FAC-NORTH,0
M01744,M,1981-10-26,43,30-44,FAC-CENTRAL,0
M01745,M,1968-05-13,56,45-59,FAC-CENTRAL,1
M01746,F,2001-07-04,23,18-29,FAC-NORTH,0
M01747,F,1981-05-22,43,30-44,FAC-WEST,0
M01748,M,1980-02-28,44,30-44,FAC-CENTRAL,0
M01749,F,1948-06-05,76,75+,FAC-NORTH,0
M01750,F,1964-12-02,60,60-74,FAC-NORTH,0
M01751,F,1937-12-05,87,75+,FAC-NORTH,0
M01752,M,1980-04-21,44,30-44,FAC-EAST,0
M01753,M,1946-04-15,78,75+,FAC-EAST,0
M01754,F,1941-07-21,83,75+,FAC-SOUTH,0
M01755,F,1987-11-09,37,30-44,FAC-WEST,1
M01756,F,1939-01-20,85,75+,FAC-WEST,0
M01757,M,1946-09-14,78,75+,FAC-NORTH,1
M01758,M,1948-01-09,76,75+,FAC-EAST,0
M01759,M,1983-11-26,41,30-44,FAC-CENTRAL,0
M01760,M,1947-12-21,77,75+,FAC-SOUTH,0
M01761,F,1955-07-11,69,60-74,FAC-SOUTH,0
M01762,F,1970-08-12,54,45-59,FAC-NORTH,0
M01763,F,1942-12-08,82,75+,FAC-CENTRAL,0
M01764,F,1959-05-24,65,60-74,FAC-CENTRAL,0
M01765,M,1953-11-15,71,60-74,FAC-SOUTH,1
M01766,F,1947-06-22,77,75+,FAC-WEST,1
M01767,M,1962-12-09,62,60-74,FAC-WEST,0
M01768,F,2005-02-12,19,18-29,FAC-SOUTH,0
M01769,M,1946-10-30,78,75+,FAC-NORTH,0
M01770,F,1950-04-24,74,60-74,FAC-EAST,0
M01771,F,1985-06-16,39,30-44,FAC-SOUTH,0
M01772,M,1990-09-24,34,30-44,FAC-SOUTH,0
M01773,F,2004-07-09,20,18-29,FAC-WEST,0
M01774,M,1984-03-07,40,30-44,FAC-CENTRAL,0
M01775,F,1949-07-13,75,75+,FAC-CENTRAL,1
M01776,F,1956-07-14,68,60-74,FAC-NORTH,0
M01777,F,1999-12-11,25,18-29,FAC-SOUTH,0
M01778,M,1976-03-17,48,45-59,FAC-WEST,1
M01779,F,2004-12-30,20,18-29,FAC-NORTH,0
M01780,F,1993-07-18,31,30-44,FAC-SOUTH,0
M01781,F,1952-10-14,72,60-74,FAC-EAST,1
M01782,M,1934-08-22,90,75+,FAC-SOUTH,1
M01783,M,1952-05-03,72,60-74,FAC-NORTH,0
M01784,M,1965-04-03,59,45-59,FAC-EAST,1
M01785,F,1957-03-16,67,60-74,FAC-NORTH,0
M01786,M,1959-06-10,65,60-74,FAC-SOUTH,1
M01787,M,1967-08-28,57,45-59,FAC-NORTH,0
M01788,F,1974-05-11,50,45-59,FAC-WEST,0
M01789,F,1964-04-02,60,60-74,FAC-EAST,0
M01790,M,1998-01-02,26,18-29,FAC-CENTRAL,1
M01791,M,1957-10-14,67,60-74,FAC-SOUTH,0
M01792,F,1977-06-17,47,45-59,FAC-NORTH,0
M01793,M,1975-11-21,49,45-59,FAC-CENTRAL,0
M01794,F,1999-04-13,25,18-29,FAC-EAST,0
M01795,F,1986-12-15,38,30-44,FAC-NORTH,0
M01796,F,1950-01-17,74,60-74,FAC-EAST,1
M01797,F,1939-12-07,85,75+,FAC-EAST,0
M01798,F,1977-01-09,47,45-59,FAC-SOUTH,0
M01799,F,1974-07-12,50,45-59,FAC-SOUTH,0
M01800,M,1940-01-24,84,75+,FAC-NORTH,1
M01801,F,1944-05-31,80,75+,FAC-NORTH,0
M01802,F,1980-04-23,44,30-44,FAC-CENTRAL,0
M01803,F,1975-10-12,49,45-59,FAC-WEST,1
M01804,M,1985-03-16,39,30-44,FAC-SOUTH,0
M01805,F,1968-02-04,56,45-59,FAC-SOUTH,0
M01806,M,1945-05-26,79,75+,FAC-EAST,0
M01807,M,1958-04-08,66,60-74,FAC-WEST,0
M01808,M,1986-10-22,38,30-44,FAC-WEST,1
M01809,M,1996-01-21,28,18-29,FAC-SOUTH,0
M01810,F,1973-12-16,51,45-59,FAC-WEST,0
M01811,M,1957-09-18,67,60-74,FAC-NORTH,0
M01812,M,1988-10-27,36,30-44,FAC-SOUTH,0
M01813,F,2004-10-07,20,18-29,FAC-EAST,0
M01814,M,1954-12-03,70,60-74,FAC-EAST,0
M01815,M,1944-01-30,80,75+,FAC-CENTRAL,0
M01816,F,1954-06-14,70,60-74,FAC-NORTH,0
M01817,M,1934-04-16,90,75+,FAC-WEST,1
M01818,M,1961-10-14,63,60-74,FAC-EAST,0
M01819,F,1956-11-27,68,60-74,FAC-SOUTH,0
M01820,M,2001-12-18,23,18-29,FAC-NORTH,0
M01821,F,1972-08-23,52,45-59,FAC-SOUTH,0
M01822,M,1974-08-24,50,45-59,FAC-SOUTH,0
M01823,F,1992-05-07,32,30-44,FAC-WEST,0
M01824,M,1995-10-01,29,18-29,FAC-WEST,0
M01825,F,1952-02-25,72,60-74,FAC-CENTRAL,0
M01826,M,1966-12-02,58,45-59,FAC-NORTH,0
M01827,F,1962-04-19,62,60-74,FAC-SOUTH,0
M01828,M,1967-06-27,57,45-59,FAC-WEST,0
M01829,F,1994-05-19,30,30-44,FAC-WEST,0
M01830,M,1969-11-21,55,45-59,FAC-EAST,1
M01831,F,1989-03-15,35,30-44,FAC-CENTRAL,0
M01832,F,1948-09-17,76,75+,FAC-SOUTH,0
M01833,F,1999-03-21,25,18-29,FAC-SOUTH,0
M01834,M,1953-11-20,71,60-74,FAC-CENTRAL,0
M01835,F,1985-05-16,39,30-44,FAC-WEST,0
M01836,F,1971-05-28,53,45-59,FAC-CENTRAL,0
M01837,F,1944-10-30,80,75+,FAC-NORTH,0
M01838,F,1999-02-06,25,18-29,FAC-NORTH,0
M01839,F,1994-03-07,30,30-44,FAC-NORTH,0
M01840,M,1940-02-21,84,75+,FAC-WEST,0
M01841,M,1952-01-13,72,60-74,FAC-EAST,0
M01842,M,1975-12-26,49,45-59,FAC-WEST,0
M01843,F,1961-01-13,63,60-74,FAC-NORTH,0
M01844,M,1955-04-23,69,60-74,FAC-NORTH,1
M01845,M,1974-12-22,50,45-59,FAC-WEST,0
M01846,M,1982-06-25,42,30-44,FAC-EAST,0
M01847,F,1960-06-08,64,60-74,FAC-EAST,0
M01848,M,1976-08-21,48,45-59,FAC-CENTRAL,0
M01849,F,1961-11-24,63,60-74,FAC-WEST,0
M01850,F,1957-02-02,67,60-74,FAC-SOUTH,0
M01851,F,1989-10-13,35,30-44,FAC-EAST,0
M01852,M,1984-11-09,40,30-44,FAC-WEST,0
M01853,F,1975-03-12,49,45-59,FAC-NORTH,1
M01854,F,1951-06-20,73,60-74,FAC-EAST,1
M01855,M,1971-03-09,53,45-59,FAC-WEST,0
M01856,F,1988-09-24,36,30-44,FAC-WEST,0
M01857,F,1964-03-08,60,60-74,FAC-CENTRAL,0
M01858,F,1962-12-20,62,60-74,FAC-WEST,0
M01859,M,1977-03-05,47,45-59,FAC-EAST,0
M01860,F,1992-05-09,32,30-44,FAC-CENTRAL,0
M01861,F,1991-09-04,33,30-44,FAC-EAST,0
M01862,M,2006-01-12,18,18-29,FAC-CENTRAL,1
M01863,F,1956-11-28,68,60-74,FAC-EAST,0
M01864,F,1939-08-02,85,75+,FAC-SOUTH,0
M01865,F,1956-06-28,68,60-74,FAC-WEST,0
M01866,M,1988-01-25,36,30-44,FAC-WEST,0
M01867,M,1987-08-22,37,30-44,FAC-NORTH,0
M01868,M,1966-10-16,58,45-59,FAC-NORTH,0
M01869,M,1944-08-16,80,75+,FAC-WEST,0
M01870,M,1958-06-02,66,60-74,FAC-EAST,0
M01871,F,1980-03-03,44,30-44,FAC-NORTH,0
M01872,F,1943-12-18,81,75+,FAC-SOUTH,0
M01873,F,1935-12-20,89,75+,FAC-WEST,0
M01874,M,1955-12-15,69,60-74,FAC-EAST,1
M01875,M,1981-07-03,43,30-44,FAC-WEST,0
M01876,F,1990-01-10,34,30-44,FAC-CENTRAL,0
M01877,F,1967-11-08,57,45-59,FAC-CENTRAL,0
M01878,F,1949-07-13,75,75+,FAC-SOUTH,0
M01879,F,1979-03-19,45,45-59,FAC-NORTH,0
M01880,M,1992-07-11,32,30-44,FAC-SOUTH,0
M01881,M,1951-07-22,73,60-74,FAC-NORTH,0
M01882,F,1960-11-01,64,60-74,FAC-NORTH,1
M01883,F,1940-08-08,84,75+,FAC-WEST,0
M01884,F,1955-02-28,69,60-74,FAC-SOUTH,1
M01885,M,1944-02-02,80,75+,FAC-SOUTH,0
M01886,M,1994-10-29,30,30-44,FAC-WEST,0
M01887,M,1949-12-28,75,75+,FAC-NORTH,1
M01888,F,1990-10-17,34,30-44,FAC-CENTRAL,0
M01889,F,2003-08-25,21,18-29,FAC-CENTRAL,0
M01890,M,1970-07-09,54,45-59,FAC-CENTRAL,0
M01891,F,1956-10-28,68,60-74,FAC-WEST,0
M01892,M,1990-05-05,34,30-44,FAC-CENTRAL,0
M01893,F,1954-07-10,70,60-74,FAC-CENTRAL,1
M01894,M,1997-09-30,27,18-29,FAC-CENTRAL,0
M01895,F,1979-07-25,45,45-59,FAC-SOUTH,0
M01896,F,2005-09-09,19,18-29,FAC-EAST,0
M01897,F,2001-04-17,23,18-29,FAC-SOUTH,0
M01898,F,1935-02-27,89,75+,FAC-NORTH,0
M01899,F,1990-10-08,34,30-44,FAC-CENTRAL,0
M01900,F,1951-08-02,73,60-74,FAC-EAST,1
M01901,F,1940-02-07,84,75+,FAC-WEST,0
M01902,F,1943-07-16,81,75+,FAC-EAST,0
M01903,F,1993-07-19,31,30-44,FAC-SOUTH,0
M01904,F,1982-04-15,42,30-44,FAC-SOUTH,0
M01905,F,1936-03-19,88,75+,FAC-EAST,0
M01906,F,1952-05-26,72,60-74,FAC-EAST,0
M01907,M,1985-12-03,39,30-44,FAC-EAST,0
M01908,M,1987-09-24,37,30-44,FAC-EAST,0
M01909,F,1958-09-17,66,60-74,FAC-CENTRAL,0
M01910,F,1953-04-16,71,60-74,FAC-WEST,0
M01911,M,2002-08-16,22,18-29,FAC-EAST,0
M01912,F,1938-05-12,86,75+,FAC-WEST,0
M01913,F,1963-08-08,61,60-74,FAC-EAST,1
M01914,M,1988-03-01,36,30-44,FAC-NORTH,0
M01915,M,1977-12-16,47,45-59,FAC-NORTH,0
M01916,F,1939-02-01,85,75+,FAC-WEST,0
M01917,F,1939-01-10,85,75+,FAC-EAST,0
M01918,M,1994-05-30,30,30-44,FAC-WEST,0
M01919,F,1961-07-19,63,60-74,FAC-CENTRAL,0
M01920,M,1944-09-05,80,75+,FAC-NORTH,1
M01921,F,1990-04-12,34,30-44,FAC-EAST,0
M01922,F,1958-07-05,66,60-74,FAC-CENTRAL,0
M01923,M,1948-04-02,76,75+,FAC-EAST,0
M01924,M,1942-02-10,82,75+,FAC-WEST,0
M01925,F,1966-08-09,58,45-59,FAC-EAST,0
M01926,M,1966-05-15,58,45-59,FAC-NORTH,0
M01927,F,1995-03-31,29,18-29,FAC-NORTH,0
M01928,M,1935-10-29,89,75+,FAC-NORTH,0
M01929,M,1941-04-28,83,75+,FAC-CENTRAL,0
M01930,F,1955-06-26,69,60-74,FAC-NORTH,0
M01931,M,1938-01-12,86,75+,FAC-CENTRAL,0
M01932,F,1949-04-09,75,75+,FAC-CENTRAL,0
M01933,F,1984-05-18,40,30-44,FAC-SOUTH,0
M01934,M,1999-11-18,25,18-29,FAC-SOUTH,0
M01935,M,1992-01-02,32,30-44,FAC-SOUTH,0
M01936,F,1969-01-27,55,45-59,FAC-EAST,0
M01937,F,2005-08-01,19,18-29,FAC-SOUTH,0
M01938,M,1941-06-18,83,75+,FAC-CENTRAL,0
M01939,M,1998-12-22,26,18-29,FAC-WEST,1
M01940,M,1967-12-31,57,45-59,FAC-EAST,1
M01941,F,1955-01-03,69,60-74,FAC-WEST,1
M01942,M,1981-05-14,43,30-44,FAC-SOUTH,0
M01943,M,1990-10-18,34,30-44,FAC-EAST,1
M01944,F,1945-12-15,79,75+,FAC-EAST,0
M01945,M,1982-09-25,42,30-44,FAC-NORTH,0
M01946,M,1950-04-13,74,60-74,FAC-WEST,1
M01947,F,1960-07-03,64,60-74,FAC-SOUTH,1
M01948,M,2001-04-14,23,18-29,FAC-EAST,0
M01949,F,1985-07-19,39,30-44,FAC-WEST,0
M01950,M,1990-11-21,34,30-44,FAC-WEST,0
M01951,F,1964-12-08,60,60-74,FAC-WEST,0
M01952,F,1992-04-29,32,30-44,FAC-SOUTH,0
M01953,F,1961-10-18,63,60-74,FAC-SOUTH,1
M01954,F,1962-11-24,62,60-74,FAC-NORTH,0
M01955,M,1945-02-07,79,75+,FAC-NORTH,0
M01956,M,1974-08-16,50,45-59,FAC-CENTRAL,1
M01957,F,1975-02-05,49,45-59,FAC-EAST,0
M01958,F,1952-03-24,72,60-74,FAC-NORTH,0
M01959,F,1981-08-28,43,30-44,FAC-SOUTH,0
M01960,F,1991-04-18,33,30-44,FAC-EAST,0
M01961,F,1987-11-19,37,30-44,FAC-SOUTH,1
M01962,F,1999-12-10,25,18-29,FAC-EAST,0
M01963,F,1978-01-06,46,45-59,FAC-NORTH,0
M01964,M,2000-01-18,24,18-29,FAC-EAST,0
M01965,M,1961-07-02,63,60-74,FAC-EAST,0
M01966,F,1983-06-06,41,30-44,FAC-EAST,1
M01967,F,1969-10-31,55,45-59,FAC-CENTRAL,0
M01968,F,1951-04-01,73,60-74,FAC-WEST,0
M01969,M,1964-01-27,60,60-74,FAC-NORTH,1
M01970,F,1963-12-29,61,60-74,FAC-EAST,0
M01971,M,1975-07-31,49,45-59,FAC-CENTRAL,0
M01972,M,1995-04-30,29,18-29,FAC-CENTRAL,0
M01973,F,2000-08-25,24,18-29,FAC-SOUTH,0
M01974,F,1949-05-15,75,75+,FAC-CENTRAL,1
M01975,M,1967-10-31,57,45-59,FAC-SOUTH,0
M01976,F,2001-04-17,23,18-29,FAC-CENTRAL,0
M01977,M,1935-01-12,89,75+,FAC-WEST,0
M01978,F,1951-05-31,73,60-74,FAC-CENTRAL,0
M01979,F,1984-08-23,40,30-44,FAC-SOUTH,0
M01980,M,2000-09-05,24,18-29,FAC-SOUTH,1
M01981,M,1942-07-21,82,75+,FAC-CENTRAL,0
M01982,F,1984-11-13,40,30-44,FAC-WEST,0
M01983,M,1954-08-27,70,60-74,FAC-SOUTH,0
M01984,F,1985-09-06,39,30-44,FAC-NORTH,0
M01985,M,1941-07-09,83,75+,FAC-EAST,0
M01986,M,1978-01-27,46,45-59,FAC-CENTRAL,0
M01987,F,1985-03-03,39,30-44,FAC-SOUTH,1
M01988,M,2000-07-29,24,18-29,FAC-EAST,0
M01989,F,1972-06-02,52,45-59,FAC-SOUTH,0
M01990,F,1938-05-09,86,75+,FAC-EAST,1
M01991,M,1965-05-19,59,45-59,FAC-CENTRAL,0
M01992,M,1988-11-27,36,30-44,FAC-EAST,0
M01993,M,1998-08-06,26,18-29,FAC-EAST,0
M01994,F,1971-03-31,53,45-59,FAC-NORTH,0
M01995,F,1957-08-02,67,60-74,FAC-CENTRAL,0
M01996,F,1950-03-14,74,60-74,FAC-SOUTH,0
M01997,M,1986-11-09,38,30-44,FAC-WEST,0
M01998,M,1987-10-23,37,30-44,FAC-SOUTH,0
M01999,M,1983-03-28,41,30-44,FAC-WEST,0
M02000,F,1970-06-19,54,45-59,FAC-SOUTH,0
M02001,M,1982-05-22,42,30-44,FAC-WEST,0
M02002,F,1947-08-09,77,75+,FAC-NORTH,0
M02003,F,2004-08-16,20,18-29,FAC-WEST,0
M02004,F,1992-06-17,32,30-44,FAC-NORTH,0
M02005,F,1975-05-17,49,45-59,FAC-CENTRAL,0
M02006,F,2005-04-27,19,18-29,FAC-EAST,0
M02007,F,1981-04-16,43,30-44,FAC-CENTRAL,0
M02008,M,1986-01-19,38,30-44,FAC-SOUTH,0
M02009,F,1998-09-17,26,18-29,FAC-CENTRAL,0
M02010,F,2004-05-29,20,18-29,FAC-EAST,0
M02011,F,1940-12-06,84,75+,FAC-SOUTH,1
M02012,F,1976-11-21,48,45-59,FAC-EAST,0
M02013,M,1977-07-12,47,45-59,FAC-NORTH,0
M02014,M,1985-04-30,39,30-44,FAC-EAST,0
M02015,M,1996-08-11,28,18-29,FAC-EAST,0
M02016,F,2000-08-16,24,18-29,FAC-WEST,0
M02017,M,1982-07-14,42,30-44,FAC-EAST,0
M02018,M,1962-05-09,62,60-74,FAC-WEST,0
M02019,M,1972-06-29,52,45-59,FAC-NORTH,0
M02020,F,1988-01-13,36,30-44,FAC-WEST,0
M02021,M,1998-04-26,26,18-29,FAC-EAST,0
M02022,F,1995-01-09,29,18-29,FAC-SOUTH,0
M02023,M,1961-01-19,63,60-74,FAC-WEST,0
M02024,M,1964-04-21,60,60-74,FAC-SOUTH,0
M02025,M,1952-09-25,72,60-74,FAC-CENTRAL,0
M02026,M,1937-10-06,87,75+,FAC-WEST,0
M02027,F,1952-10-07,72,60-74,FAC-SOUTH,0
M02028,F,1975-12-25,49,45-59,FAC-NORTH,1
M02029,M,1934-11-08,90,75+,FAC-NORTH,0
M02030,F,1961-12-29,63,60-74,FAC-SOUTH,0
M02031,M,1948-04-22,76,75+,FAC-CENTRAL,0
M02032,M,1975-03-13,49,45-59,FAC-NORTH,0
M02033,F,1990-07-03,34,30-44,FAC-WEST,0
M02034,F,1951-12-26,73,60-74,FAC-NORTH,1
M02035,F,1944-09-04,80,75+,FAC-NORTH,0
M02036,F,1960-04-20,64,60-74,FAC-NORTH,1
M02037,F,1933-12-07,91,75+,FAC-SOUTH,1
M02038,M,1988-09-27,36,30-44,FAC-EAST,0
M02039,M,1954-01-12,70,60-74,FAC-NORTH,0
M02040,M,1992-04-05,32,30-44,FAC-NORTH,1
M02041,F,1942-04-15,82,75+,FAC-WEST,1
M02042,M,1935-07-09,89,75+,FAC-CENTRAL,0
M02043,M,1976-11-23,48,45-59,FAC-EAST,0
M02044,F,1939-12-26,85,75+,FAC-SOUTH,0
M02045,F,1954-08-21,70,60-74,FAC-WEST,1
M02046,F,1934-09-02,90,75+,FAC-WEST,0
M02047,M,1965-07-31,59,45-59,FAC-WEST,0
M02048,F,1999-12-14,25,18-29,FAC-SOUTH,0
M02049,M,1993-05-01,31,30-44,FAC-CENTRAL,1
M02050,M,2003-02-19,21,18-29,FAC-CENTRAL,0
M02051,F,1998-03-06,26,18-29,FAC-EAST,0
M02052,F,1936-03-26,88,75+,FAC-NORTH,0
M02053,F,1972-05-16,52,45-59,FAC-CENTRAL,0
M02054,F,1933-11-03,91,75+,FAC-EAST,1
M02055,F,1967-06-26,57,45-59,FAC-EAST,0
M02056,M,1942-03-29,82,75+,FAC-WEST,0
M02057,M,1989-06-30,35,30-44,FAC-EAST,0
M02058,M,1942-05-16,82,75+,FAC-SOUTH,0
M02059,F,1957-10-31,67,60-74,FAC-NORTH,0
M02060,M,1986-04-09,38,30-44,FAC-NORTH,0
M02061,F,1977-03-09,47,45-59,FAC-SOUTH,0
M02062,F,1941-10-15,83,75+,FAC-CENTRAL,0
M02063,M,1949-04-28,75,75+,FAC-EAST,0
M02064,M,2000-06-22,24,18-29,FAC-WEST,0
M02065,F,1979-08-19,45,45-59,FAC-SOUTH,0
M02066,M,1994-06-16,30,30-44,FAC-EAST,0
M02067,F,1943-05-19,81,75+,FAC-SOUTH,0
M02068,M,1986-05-22,38,30-44,FAC-EAST,0
M02069,M,1995-05-18,29,18-29,FAC-WEST,0
M02070,M,1946-02-24,78,75+,FAC-WEST,0
M02071,F,1990-09-06,34,30-44,FAC-EAST,0
M02072,M,1954-12-06,70,60-74,FAC-SOUTH,0
M02073,M,1959-10-13,65,60-74,FAC-EAST,0
M02074,M,1995-07-09,29,18-29,FAC-WEST,0
M02075,M,2000-08-08,24,18-29,FAC-NORTH,0
M02076,F,1935-07-04,89,75+,FAC-NORTH,1
M02077,M,1958-04-12,66,60-74,FAC-NORTH,0
M02078,F,1956-11-08,68,60-74,FAC-EAST,0
M02079,M,1946-08-11,78,75+,FAC-WEST,0
M02080,F,1996-03-22,28,18-29,FAC-WEST,0
M02081,M,1980-12-03,44,30-44,FAC-EAST,0
M02082,M,1944-03-19,80,75+,FAC-WEST,0
M02083,F,1970-11-09,54,45-59,FAC-SOUTH,1
M02084,M,1987-08-02,37,30-44,FAC-CENTRAL,0
M02085,F,1958-06-01,66,60-74,FAC-EAST,0
M02086,M,1946-03-18,78,75+,FAC-NORTH,1
M02087,M,1972-02-20,52,45-59,FAC-NORTH,0
M02088,F,1998-02-02,26,18-29,FAC-EAST,0
M02089,M,1952-10-08,72,60-74,FAC-EAST,1
M02090,F,2000-05-05,24,18-29,FAC-WEST,0
M02091,M,1968-04-06,56,45-59,FAC-WEST,1
M02092,M,1945-10-04,79,75+,FAC-SOUTH,0
M02093,M,1960-07-12,64,60-74,FAC-NORTH,0
M02094,F,1996-07-16,28,18-29,FAC-SOUTH,0
M02095,M,1966-06-23,58,45-59,FAC-WEST,1
M02096,F,1943-01-25,81,75+,FAC-WEST,1
M02097,M,1940-07-05,84,75+,FAC-SOUTH,0
M02098,M,1994-06-05,30,30-44,FAC-SOUTH,0
M02099,M,1937-04-13,87,75+,FAC-SOUTH,0
M02100,M,1980-03-21,44,30-44,FAC-CENTRAL,0
M02101,F,1958-12-28,66,60-74,FAC-EAST,1
M02102,F,1942-08-08,82,75+,FAC-WEST,0
M02103,M,1961-01-02,63,60-74,FAC-WEST,0
M02104,M,1992-03-25,32,30-44,FAC-EAST,0
M02105,F,1935-09-07,89,75+,FAC-WEST,1
M02106,M,1969-07-27,55,45-59,FAC-WEST,0
M02107,M,1994-05-10,30,30-44,FAC-NORTH,0
M02108,F,2003-08-10,21,18-29,FAC-NORTH,0
M02109,M,1937-05-17,87,75+,FAC-CENTRAL,0
M02110,F,1968-11-26,56,45-59,FAC-WEST,1
M02111,M,1992-03-15,32,30-44,FAC-NORTH,0
M02112,M,1946-12-06,78,75+,FAC-WEST,0
M02113,F,1959-03-10,65,60-74,FAC-EAST,0
M02114,M,1966-11-30,58,45-59,FAC-NORTH,0
M02115,M,2002-06-14,22,18-29,FAC-EAST,1
M02116,M,1964-04-04,60,60-74,FAC-WEST,0
M02117,F,1934-12-20,90,75+,FAC-WEST,1
M02118,F,1952-04-29,72,60-74,FAC-WEST,0
M02119,F,1955-01-22,69,60-74,FAC-WEST,0
M02120,F,1993-06-25,31,30-44,FAC-CENTRAL,0
M02121,F,1955-08-16,69,60-74,FAC-CENTRAL,0
M02122,F,1965-03-18,59,45-59,FAC-NORTH,1
M02123,M,2004-08-03,20,18-29,FAC-SOUTH,0
M02124,F,1937-05-28,87,75+,FAC-NORTH,0
M02125,F,1947-08-15,77,75+,FAC-EAST,0
M02126,F,1975-07-29,49,45-59,FAC-EAST,0
M02127,F,1938-03-04,86,75+,FAC-WEST,0
M02128,M,2000-02-02,24,18-29,FAC-SOUTH,0
M02129,F,1993-04-28,31,30-44,FAC-CENTRAL,0
M02130,F,1993-04-12,31,30-44,FAC-SOUTH,0
M02131,F,1996-10-12,28,18-29,FAC-SOUTH,0
M02132,M,1993-10-15,31,30-44,FAC-WEST,0
M02133,F,1943-08-20,81,75+,FAC-WEST,1
M02134,M,1965-08-10,59,45-59,FAC-SOUTH,0
M02135,F,1968-06-24,56,45-59,FAC-CENTRAL,0
M02136,F,1990-12-31,34,30-44,FAC-WEST,0
M02137,F,1985-10-01,39,30-44,FAC-NORTH,0
M02138,F,2002-09-20,22,18-29,FAC-CENTRAL,1
M02139,F,1978-12-23,46,45-59,FAC-SOUTH,1
M02140,F,1965-04-21,59,45-59,FAC-SOUTH,1
M02141,M,1970-10-26,54,45-59,FAC-NORTH,1
M02142,M,1935-08-09,89,75+,FAC-WEST,0
M02143,M,1940-12-14,84,75+,FAC-EAST,0
M02144,F,1980-07-10,44,30-44,FAC-EAST,0
M02145,M,1992-08-29,32,30-44,FAC-CENTRAL,0
M02146,M,1985-03-12,39,30-44,FAC-WEST,0
M02147,M,1948-11-30,76,75+,FAC-EAST,0
M02148,M,1992-08-17,32,30-44,FAC-SOUTH,0
M02149,M,1958-08-13,66,60-74,FAC-WEST,0
M02150,F,2001-10-03,23,18-29,FAC-WEST,0
M02151,M,1939-01-08,85,75+,FAC-NORTH,0
M02152,F,1964-11-23,60,60-74,FAC-EAST,0
M02153,F,1997-03-04,27,18-29,FAC-EAST,0
M02154,F,1966-04-29,58,45-59,FAC-NORTH,1
M02155,M,1978-11-01,46,45-59,FAC-EAST,0
M02156,F,1935-06-05,89,75+,FAC-CENTRAL,0
M02157,F,1939-03-18,85,75+,FAC-EAST,1
M02158,F,1952-07-19,72,60-74,FAC-EAST,0
M02159,M,1981-03-18,43,30-44,FAC-WEST,1
M02160,M,2001-02-01,23,18-29,FAC-NORTH,0
M02161,M,1984-08-22,40,30-44,FAC-WEST,0
M02162,F,2004-01-27,20,18-29,FAC-CENTRAL,1
M02163,F,1947-02-10,77,75+,FAC-WEST,1
M02164,F,1937-10-10,87,75+,FAC-NORTH,1
M02165,F,1946-05-18,78,75+,FAC-WEST,0
M02166,M,1971-01-18,53,45-59,FAC-WEST,0
M02167,F,1935-01-29,89,75+,FAC-NORTH,0
M02168,M,1967-07-09,57,45-59,FAC-WEST,0
M02169,F,1958-08-20,66,60-74,FAC-SOUTH,1
M02170,F,2005-04-10,19,18-29,FAC-EAST,0
M02171,M,1978-04-01,46,45-59,FAC-EAST,1
M02172,F,2000-02-10,24,18-29,FAC-NORTH,0
M02173,F,2000-01-18,24,18-29,FAC-EAST,1
M02174,M,1971-07-07,53,45-59,FAC-SOUTH,1
M02175,M,1991-04-21,33,30-44,FAC-SOUTH,0
M02176,M,1948-07-27,76,75+,FAC-CENTRAL,1
M02177,F,1944-08-01,80,75+,FAC-EAST,0
M02178,M,1945-03-12,79,75+,FAC-EAST,1
M02179,F,1960-09-19,64,60-74,FAC-SOUTH,0
M02180,F,1997-05-15,27,18-29,FAC-NORTH,0
M02181,F,2004-07-12,20,18-29,FAC-WEST,0
M02182,F,1944-05-13,80,75+,FAC-CENTRAL,0
M02183,M,1966-07-03,58,45-59,FAC-SOUTH,0
M02184,F,1990-03-04,34,30-44,FAC-WEST,0
M02185,M,1941-03-25,83,75+,FAC-SOUTH,0
M02186,F,1970-11-25,54,45-59,FAC-EAST,1
M02187,F,1987-11-01,37,30-44,FAC-NORTH,0
M02188,F,2003-10-29,21,18-29,FAC-NORTH,0
M02189,M,1938-11-18,86,75+,FAC-NORTH,0
M02190,F,1960-11-23,64,60-74,FAC-WEST,1
M02191,M,1941-01-17,83,75+,FAC-EAST,1
M02192,M,1994-05-29,30,30-44,FAC-WEST,0
M02193,F,1969-03-25,55,45-59,FAC-CENTRAL,0
M02194,M,1938-08-30,86,75+,FAC-WEST,0
M02195,F,1999-07-27,25,18-29,FAC-NORTH,0
M02196,F,1992-05-27,32,30-44,FAC-CENTRAL,0
M02197,M,1976-05-25,48,45-59,FAC-EAST,0
M02198,F,1954-12-15,70,60-74,FAC-SOUTH,0
M02199,M,1943-03-23,81,75+,FAC-SOUTH,1
M02200,M,1969-07-03,55,45-59,FAC-NORTH,0
M02201,F,1982-10-12,42,30-44,FAC-CENTRAL,0
M02202,M,1966-07-13,58,45-59,FAC-EAST,0
M02203,F,1985-03-22,39,30-44,FAC-WEST,0
M02204,F,2004-07-14,20,18-29,FAC-EAST,0
M02205,F,1984-02-11,40,30-44,FAC-SOUTH,0
M02206,F,1960-11-01,64,60-74,FAC-WEST,0
M02207,F,1946-05-10,78,75+,FAC-NORTH,1
M02208,M,1976-10-02,48,45-59,FAC-SOUTH,0
M02209,F,1994-01-19,30,30-44,FAC-EAST,0
M02210,M,1944-01-08,80,75+,FAC-EAST,0
M02211,M,1973-12-24,51,45-59,FAC-EAST,0
M02212,M,1963-10-09,61,60-74,FAC-CENTRAL,0
M02213,M,1992-02-06,32,30-44,FAC-NORTH,0
M02214,F,1954-03-13,70,60-74,FAC-SOUTH,0
M02215,M,1943-06-21,81,75+,FAC-WEST,0
M02216,M,1980-05-12,44,30-44,FAC-WEST,0
M02217,F,1970-08-13,54,45-59,FAC-WEST,0
M02218,F,1972-07-16,52,45-59,FAC-EAST,0
M02219,M,1953-02-12,71,60-74,FAC-NORTH,0
M02220,M,1990-11-15,34,30-44,FAC-CENTRAL,0
M02221,M,1970-05-04,54,45-59,FAC-WEST,0
M02222,F,1946-07-22,78,75+,FAC-EAST,1
M02223,F,1967-10-24,57,45-59,FAC-EAST,0
M02224,F,1948-06-14,76,75+,FAC-CENTRAL,1
M02225,F,1999-10-15,25,18-29,FAC-WEST,0
M02226,M,2006-05-26,18,18-29,FAC-EAST,0
M02227,M,1941-07-31,83,75+,FAC-CENTRAL,0
M02228,F,1995-02-05,29,18-29,FAC-SOUTH,0
M02229,M,1996-01-26,28,18-29,FAC-WEST,0
M02230,M,1974-07-16,50,45-59,FAC-WEST,0
M02231,M,1994-02-10,30,30-44,FAC-CENTRAL,0
M02232,M,1983-09-11,41,30-44,FAC-EAST,0
M02233,F,1981-02-18,43,30-44,FAC-CENTRAL,0
M02234,F,1968-01-25,56,45-59,FAC-CENTRAL,1
M02235,M,1937-04-05,87,75+,FAC-WEST,0
M02236,F,1988-09-28,36,30-44,FAC-EAST,0
M02237,M,1947-01-05,77,75+,FAC-WEST,0
M02238,M,1947-06-21,77,75+,FAC-NORTH,0
M02239,M,1995-04-13,29,18-29,FAC-EAST,0
M02240,F,1940-12-27,84,75+,FAC-CENTRAL,1
M02241,M,1999-12-03,25,18-29,FAC-NORTH,0
M02242,M,1939-11-14,85,75+,FAC-NORTH,0
M02243,F,1971-08-01,53,45-59,FAC-CENTRAL,1
M02244,F,1968-09-13,56,45-59,FAC-EAST,0
M02245,F,1990-08-29,34,30-44,FAC-NORTH,0
M02246,F,1940-04-24,84,75+,FAC-WEST,0
M02247,F,1977-07-17,47,45-59,FAC-SOUTH,0
M02248,M,1967-06-27,57,45-59,FAC-CENTRAL,0
M02249,F,1992-05-20,32,30-44,FAC-CENTRAL,1
M02250,F,1940-05-18,84,75+,FAC-NORTH,0
M02251,M,2002-10-06,22,18-29,FAC-NORTH,0
M02252,F,1967-12-05,57,45-59,FAC-SOUTH,0
M02253,F,1937-02-24,87,75+,FAC-WEST,0
M02254,F,1951-04-21,73,60-74,FAC-SOUTH,0
M02255,F,1976-04-01,48,45-59,FAC-CENTRAL,0
M02256,F,1945-11-02,79,75+,FAC-NORTH,0
M02257,M,1958-07-26,66,60-74,FAC-WEST,0
M02258,F,1946-12-04,78,75+,FAC-SOUTH,0
M02259,F,1969-11-07,55,45-59,FAC-WEST,1
M02260,F,1968-06-12,56,45-59,FAC-CENTRAL,0
M02261,M,2000-12-22,24,18-29,FAC-WEST,0
M02262,M,1971-06-25,53,45-59,FAC-EAST,0
M02263,F,1961-07-05,63,60-74,FAC-CENTRAL,0
M02264,F,1983-07-26,41,30-44,FAC-CENTRAL,0
M02265,M,1948-04-24,76,75+,FAC-EAST,0
M02266,M,1997-07-27,27,18-29,FAC-WEST,0
M02267,F,1941-08-03,83,75+,FAC-SOUTH,0
M02268,M,1961-09-05,63,60-74,FAC-WEST,0
M02269,F,2001-06-06,23,18-29,FAC-SOUTH,0
M02270,F,1993-07-18,31,30-44,FAC-WEST,0
M02271,M,1977-02-26,47,45-59,FAC-SOUTH,1
M02272,M,1953-06-01,71,60-74,FAC-EAST,1
M02273,F,2002-05-15,22,18-29,FAC-EAST,0
M02274,F,1984-01-13,40,30-44,FAC-WEST,0
M02275,M,1988-08-02,36,30-44,FAC-SOUTH,0
M02276,F,1973-10-20,51,45-59,FAC-EAST,0
M02277,F,1981-04-05,43,30-44,FAC-CENTRAL,0
M02278,F,1994-08-29,30,30-44,FAC-NORTH,1
M02279,F,2002-04-11,22,18-29,FAC-EAST,0
M02280,M,1933-10-02,91,75+,FAC-EAST,0
M02281,F,1938-10-26,86,75+,FAC-SOUTH,1
M02282,M,1942-01-07,82,75+,FAC-CENTRAL,0
M02283,F,1997-11-10,27,18-29,FAC-WEST,0
M02284,F,1934-05-29,90,75+,FAC-CENTRAL,1
M02285,M,1994-04-24,30,30-44,FAC-NORTH,0
M02286,M,2004-02-27,20,18-29,FAC-EAST,0
M02287,M,1956-07-07,68,60-74,FAC-SOUTH,0
M02288,M,1996-09-22,28,18-29,FAC-CENTRAL,0
M02289,M,1954-08-21,70,60-74,FAC-NORTH,1
M02290,M,1972-07-29,52,45-59,FAC-EAST,1
M02291,M,1973-03-18,51,45-59,FAC-NORTH,0
M02292,F,1979-09-20,45,45-59,FAC-EAST,0
M02293,F,1975-10-19,49,45-59,FAC-CENTRAL,1
M02294,F,1962-05-26,62,60-74,FAC-CENTRAL,0
M02295,F,1935-11-05,89,75+,FAC-EAST,0
M02296,F,1993-06-05,31,30-44,FAC-SOUTH,0
M02297,M,1950-11-02,74,60-74,FAC-SOUTH,0
M02298,F,1999-06-09,25,18-29,FAC-SOUTH,0
M02299,M,2003-09-12,21,18-29,FAC-WEST,0
M02300,M,1989-11-16,35,30-44,FAC-CENTRAL,0
M02301,F,1991-11-12,33,30-44,FAC-CENTRAL,0
M02302,M,1961-03-24,63,60-74,FAC-NORTH,0
M02303,F,1977-05-11,47,45-59,FAC-SOUTH,0
M02304,M,1937-09-20,87,75+,FAC-NORTH,1
M02305,F,1999-05-14,25,18-29,FAC-WEST,1
M02306,F,1970-06-07,54,45-59,FAC-CENTRAL,0
M02307,F,1969-04-24,55,45-59,FAC-WEST,0
M02308,F,1997-05-14,27,18-29,FAC-CENTRAL,0
M02309,F,1942-07-10,82,75+,FAC-EAST,0
M02310,F,1950-01-31,74,60-74,FAC-CENTRAL,0
M02311,M,1974-10-02,50,45-59,FAC-EAST,0
M02312,F,1999-12-27,25,18-29,FAC-CENTRAL,0
M02313,M,1971-05-20,53,45-59,FAC-SOUTH,1
M02314,F,1966-09-20,58,45-59,FAC-EAST,1
M02315,F,2002-02-21,22,18-29,FAC-WEST,0
M02316,F,2003-10-09,21,18-29,FAC-EAST,0
M02317,M,1957-01-30,67,60-74,FAC-NORTH,0
M02318,F,1970-08-21,54,45-59,FAC-NORTH,0
M02319,M,1956-11-17,68,60-74,FAC-SOUTH,1
M02320,M,1982-07-24,42,30-44,FAC-NORTH,0
M02321,M,2001-09-17,23,18-29,FAC-NORTH,0
M02322,M,1972-08-30,52,45-59,FAC-NORTH,1
M02323,M,1950-11-28,74,60-74,FAC-NORTH,0
M02324,F,1935-12-22,89,75+,FAC-EAST,0
M02325,M,1951-09-14,73,60-74,FAC-CENTRAL,0
M02326,M,1985-12-12,39,30-44,FAC-SOUTH,0
M02327,F,2005-01-28,19,18-29,FAC-EAST,0
M02328,F,1974-09-24,50,45-59,FAC-CENTRAL,0
M02329,M,2001-08-10,23,18-29,FAC-EAST,0
M02330,M,2005-04-18,19,18-29,FAC-EAST,0
M02331,M,1983-11-11,41,30-44,FAC-WEST,0
M02332,F,1947-06-17,77,75+,FAC-WEST,0
M02333,F,1954-06-04,70,60-74,FAC-NORTH,0
M02334,M,1936-01-29,88,75+,FAC-WEST,0
M02335,F,1973-02-07,51,45-59,FAC-WEST,0
M02336,F,1976-08-09,48,45-59,FAC-CENTRAL,1
M02337,F,1977-04-30,47,45-59,FAC-SOUTH,0
M02338,M,1966-06-09,58,45-59,FAC-SOUTH,0
M02339,F,1973-02-17,51,45-59,FAC-EAST,1
M02340,F,1975-12-31,49,45-59,FAC-CENTRAL,1
M02341,M,1991-10-06,33,30-44,FAC-SOUTH,1
M02342,M,1958-07-19,66,60-74,FAC-WEST,0
M02343,M,1988-06-12,36,30-44,FAC-EAST,0
M02344,M,1953-08-04,71,60-74,FAC-EAST,0
M02345,F,1985-12-19,39,30-44,FAC-SOUTH,1
M02346,F,1992-08-16,32,30-44,FAC-EAST,0
M02347,M,1978-12-16,46,45-59,FAC-NORTH,0
M02348,F,1957-08-04,67,60-74,FAC-NORTH,1
M02349,F,1933-10-24,91,75+,FAC-CENTRAL,0
M02350,M,1938-05-06,86,75+,FAC-CENTRAL,0
M02351,F,1945-08-02,79,75+,FAC-WEST,0
M02352,M,1972-03-21,52,45-59,FAC-EAST,0
M02353,F,1964-02-27,60,60-74,FAC-EAST,0
M02354,F,1948-01-25,76,75+,FAC-NORTH,0
M02355,F,1949-12-07,75,75+,FAC-EAST,0
M02356,F,1959-08-02,65,60-74,FAC-SOUTH,0
M02357,M,1953-03-08,71,60-74,FAC-SOUTH,0
M02358,F,1953-07-23,71,60-74,FAC-SOUTH,0
M02359,M,1970-01-06,54,45-59,FAC-NORTH,0
M02360,M,1952-10-18,72,60-74,FAC-CENTRAL,0
M02361,M,1981-03-26,43,30-44,FAC-NORTH,0
M02362,F,1990-11-22,34,30-44,FAC-CENTRAL,0
M02363,M,1994-04-20,30,30-44,FAC-WEST,0
M02364,F,1985-05-19,39,30-44,FAC-CENTRAL,0
M02365,M,1952-01-04,72,60-74,FAC-CENTRAL,1
M02366,F,1969-04-30,55,45-59,FAC-EAST,0
M02367,F,2001-05-15,23,18-29,FAC-EAST,0
M02368,M,1953-08-15,71,60-74,FAC-WEST,0
M02369,M,1944-07-12,80,75+,FAC-SOUTH,1
M02370,F,1987-06-22,37,30-44,FAC-EAST,0
M02371,M,1958-01-19,66,60-74,FAC-CENTRAL,0
M02372,M,1994-02-25,30,30-44,FAC-EAST,0
M02373,F,1933-10-16,91,75+,FAC-CENTRAL,0
M02374,M,1970-01-15,54,45-59,FAC-SOUTH,0
M02375,F,2001-03-06,23,18-29,FAC-EAST,0
M02376,M,1993-12-28,31,30-44,FAC-NORTH,0
M02377,M,1970-10-23,54,45-59,FAC-SOUTH,0
M02378,M,1972-08-22,52,45-59,FAC-SOUTH,0
M02379,M,1988-05-06,36,30-44,FAC-CENTRAL,0
M02380,F,2002-08-19,22,18-29,FAC-CENTRAL,0
M02381,F,2005-10-13,19,18-29,FAC-NORTH,0
M02382,M,1980-02-03,44,30-44,FAC-CENTRAL,0
M02383,M,1949-10-11,75,75+,FAC-WEST,1
M02384,M,1991-06-28,33,30-44,FAC-NORTH,0
M02385,M,1950-10-25,74,60-74,FAC-SOUTH,0
M02386,M,1991-12-25,33,30-44,FAC-SOUTH,0
M02387,F,1965-04-11,59,45-59,FAC-EAST,0
M02388,M,1940-07-27,84,75+,FAC-EAST,0
M02389,F,1951-05-14,73,60-74,FAC-CENTRAL,0
M02390,M,1981-09-14,43,30-44,FAC-NORTH,0
M02391,F,1975-04-19,49,45-59,FAC-SOUTH,0
M02392,F,1972-10-31,52,45-59,FAC-SOUTH,1
M02393,M,1970-04-23,54,45-59,FAC-NORTH,1
M02394,F,2005-11-10,19,18-29,FAC-CENTRAL,1
M02395,F,1984-06-06,40,30-44,FAC-EAST,0
M02396,M,1975-08-06,49,45-59,FAC-CENTRAL,0
M02397,F,1968-03-03,56,45-59,FAC-WEST,0
M02398,M,1955-08-31,69,60-74,FAC-WEST,0
M02399,M,1994-03-03,30,30-44,FAC-EAST,0
M02400,M,1949-01-19,75,75+,FAC-WEST,0
M02401,F,1983-11-01,41,30-44,FAC-NORTH,0
M02402,M,1955-07-08,69,60-74,FAC-WEST,1
M02403,M,1953-07-17,71,60-74,FAC-EAST,0
M02404,M,1942-03-18,82,75+,FAC-WEST,0
M02405,F,1935-01-24,89,75+,FAC-EAST,0
M02406,M,1955-11-19,69,60-74,FAC-EAST,0
M02407,F,1971-10-24,53,45-59,FAC-EAST,0
M02408,F,1966-11-13,58,45-59,FAC-CENTRAL,0
M02409,F,1938-03-24,86,75+,FAC-NORTH,0
M02410,M,1989-08-19,35,30-44,FAC-NORTH,0
M02411,M,1994-06-28,30,30-44,FAC-EAST,0
M02412,F,1999-09-30,25,18-29,FAC-CENTRAL,0
M02413,F,1985-09-24,39,30-44,FAC-SOUTH,0
M02414,M,1985-12-16,39,30-44,FAC-SOUTH,0
M02415,F,2005-06-02,19,18-29,FAC-CENTRAL,0
M02416,F,1941-12-15,83,75+,FAC-NORTH,0
M02417,F,1970-01-26,54,45-59,FAC-SOUTH,1
M02418,F,1972-04-26,52,45-59,FAC-WEST,0
M02419,M,1990-02-06,34,30-44,FAC-NORTH,0
M02420,F,1941-07-11,83,75+,FAC-WEST,0
M02421,F,2004-09-16,20,18-29,FAC-SOUTH,0
M02422,F,1956-03-25,68,60-74,FAC-EAST,0
M02423,M,1951-10-15,73,60-74,FAC-EAST,0
M02424,M,1948-03-23,76,75+,FAC-CENTRAL,1
M02425,M,1958-02-03,66,60-74,FAC-SOUTH,0
M02426,M,1935-02-16,89,75+,FAC-CENTRAL,0
M02427,F,1958-06-24,66,60-74,FAC-WEST,0
M02428,M,1937-05-13,87,75+,FAC-CENTRAL,0
M02429,F,1956-03-06,68,60-74,FAC-WEST,0
M02430,F,1967-01-11,57,45-59,FAC-NORTH,1
M02431,F,1935-04-13,89,75+,FAC-WEST,1
M02432,F,1996-04-11,28,18-29,FAC-WEST,0
M02433,F,1998-10-13,26,18-29,FAC-EAST,0
M02434,M,1987-06-07,37,30-44,FAC-CENTRAL,0
M02435,M,2006-02-03,18,18-29,FAC-CENTRAL,0
M02436,M,1936-10-25,88,75+,FAC-SOUTH,0
M02437,M,1946-07-08,78,75+,FAC-CENTRAL,0
M02438,F,1992-11-18,32,30-44,FAC-WEST,0
M02439,F,2005-03-30,19,18-29,FAC-NORTH,0
M02440,F,1980-11-14,44,30-44,FAC-NORTH,0
M02441,F,1951-10-24,73,60-74,FAC-CENTRAL,1
M02442,M,1988-09-17,36,30-44,FAC-NORTH,0
M02443,M,1990-11-14,34,30-44,FAC-EAST,0
M02444,M,1958-09-17,66,60-74,FAC-SOUTH,0
M02445,M,1939-07-22,85,75+,FAC-CENTRAL,1
M02446,M,1939-09-01,85,75+,FAC-WEST,0
M02447,F,1964-04-22,60,60-74,FAC-WEST,1
M02448,F,1965-11-29,59,45-59,FAC-WEST,1
M02449,F,2006-01-12,18,18-29,FAC-SOUTH,0
M02450,F,1937-11-15,87,75+,FAC-NORTH,0
M02451,M,1986-05-22,38,30-44,FAC-CENTRAL,0
M02452,F,1961-08-14,63,60-74,FAC-SOUTH,1
M02453,M,1969-11-23,55,45-59,FAC-EAST,0
M02454,M,1955-02-23,69,60-74,FAC-SOUTH,0
M02455,F,1987-05-04,37,30-44,FAC-EAST,0
M02456,F,1972-09-13,52,45-59,FAC-CENTRAL,1
M02457,M,1963-09-10,61,60-74,FAC-CENTRAL,0
M02458,M,1946-03-20,78,75+,FAC-SOUTH,1
M02459,F,1994-08-13,30,30-44,FAC-SOUTH,0
M02460,M,2006-01-06,18,18-29,FAC-NORTH,1
M02461,F,1940-11-23,84,75+,FAC-WEST,0
M02462,M,1967-10-17,57,45-59,FAC-SOUTH,0
M02463,M,1957-12-17,67,60-74,FAC-EAST,0
M02464,M,1940-01-26,84,75+,FAC-CENTRAL,0
M02465,F,1984-08-05,40,30-44,FAC-SOUTH,0
M02466,M,1934-11-24,90,75+,FAC-EAST,0
M02467,F,1934-11-28,90,75+,FAC-SOUTH,0
M02468,F,1959-11-06,65,60-74,FAC-EAST,0
M02469,M,1978-08-16,46,45-59,FAC-SOUTH,0
M02470,M,1959-04-02,65,60-74,FAC-NORTH,0
M02471,F,1950-01-01,74,60-74,FAC-NORTH,0
M02472,M,1964-05-13,60,60-74,FAC-EAST,0
M02473,F,1972-06-11,52,45-59,FAC-WEST,0
M02474,M,2000-06-30,24,18-29,FAC-EAST,0
M02475,F,2002-10-23,22,18-29,FAC-WEST,0
M02476,M,1983-10-27,41,30-44,FAC-CENTRAL,0
M02477,F,2001-12-14,23,18-29,FAC-SOUTH,1
M02478,F,1990-05-13,34,30-44,FAC-NORTH,0
M02479,F,1949-08-12,75,75+,FAC-EAST,0
M02480,F,1937-02-15,87,75+,FAC-SOUTH,0
M02481,F,1963-07-22,61,60-74,FAC-EAST,0
M02482,F,1959-10-11,65,60-74,FAC-WEST,1
M02483,M,1999-05-20,25,18-29,FAC-CENTRAL,0
M02484,F,1972-05-17,52,45-59,FAC-NORTH,1
M02485,M,1980-07-09,44,30-44,FAC-SOUTH,0
M02486,F,1967-02-10,57,45-59,FAC-NORTH,0
M02487,M,1946-09-18,78,75+,FAC-NORTH,0
M02488,M,1995-04-25,29,18-29,FAC-SOUTH,0
M02489,F,1983-01-15,41,30-44,FAC-NORTH,0
M02490,F,2005-03-01,19,18-29,FAC-WEST,0
M02491,F,1975-01-22,49,45-59,FAC-SOUTH,0
M02492,F,1967-06-03,57,45-59,FAC-EAST,0
M02493,F,1971-04-19,53,45-59,FAC-WEST,0
M02494,F,1982-02-07,42,30-44,FAC-SOUTH,0
M02495,M,1972-07-06,52,45-59,FAC-NORTH,0
M02496,M,1960-09-08,64,60-74,FAC-CENTRAL,0
M02497,M,1985-06-07,39,30-44,FAC-CENTRAL,0
M02498,M,1986-09-23,38,30-44,FAC-WEST,0
M02499,M,1970-03-15,54,45-59,FAC-CENTRAL,0
M02500,M,1994-10-04,30,30-44,FAC-EAST,0
